gene_id,n_tissues_up,Lung,Liver,BM,Spleen,Ovary,Kidney
ENSMUSG00000091694,6,1,1,1,1,1,1
ENSMUSG00000106438,5,1,1,1,1,0,1
ENSMUSG00000035352,5,1,1,1,1,1,0
ENSMUSG00000041481,5,1,1,1,1,1,0
ENSMUSG00000032080,4,1,1,1,0,0,1
ENSMUSG00000045868,4,1,1,1,1,0,0
ENSMUSG00000048489,4,0,0,1,1,1,1
ENSMUSG00000023349,4,0,1,1,1,1,0
ENSMUSG00000073409,4,1,1,1,0,0,1
ENSMUSG00000066363,4,1,1,1,1,0,0
ENSMUSG00000038530,4,0,1,1,1,0,1
ENSMUSG00000015437,4,1,1,1,1,0,0
ENSMUSG00000078606,4,1,1,1,1,0,0
ENSMUSG00000055413,4,1,1,1,0,0,1
ENSMUSG00000078921,4,1,1,1,0,0,1
ENSMUSG00000060550,4,1,1,1,0,0,1
ENSMUSG00000035373,3,1,0,1,0,0,1
ENSMUSG00000030249,3,0,1,1,1,0,0
ENSMUSG00000032271,3,0,1,1,1,0,0
ENSMUSG00000041134,3,1,0,1,1,0,0
ENSMUSG00000029417,3,1,1,1,0,0,0
ENSMUSG00000047592,3,0,1,1,1,0,0
ENSMUSG00000036502,3,0,1,1,1,0,0
ENSMUSG00000104818,3,0,1,1,1,0,0
ENSMUSG00000073418,3,0,1,1,1,0,0
ENSMUSG00000091650,3,0,1,1,1,0,0
ENSMUSG00000039699,3,0,1,1,1,0,0
ENSMUSG00000009185,3,0,1,1,0,0,1
ENSMUSG00000056427,3,0,1,1,1,0,0
ENSMUSG00000099759,3,0,1,1,1,0,0
ENSMUSG00000007888,3,0,0,1,1,1,0
ENSMUSG00000062515,3,0,1,1,1,0,0
ENSMUSG00000029352,3,0,1,1,1,0,0
ENSMUSG00000028553,3,1,1,1,0,0,0
ENSMUSG00000026117,3,0,1,1,0,1,0
ENSMUSG00000032374,3,0,1,1,1,0,0
ENSMUSG00000050440,3,0,1,1,0,0,1
ENSMUSG00000050578,3,1,0,1,1,0,0
ENSMUSG00000022146,3,0,1,1,1,0,0
ENSMUSG00000105504,3,1,1,1,0,0,0
ENSMUSG00000019359,3,1,0,1,1,0,0
ENSMUSG00000050919,3,1,0,1,1,0,0
ENSMUSG00000103585,3,1,0,1,1,0,0
ENSMUSG00000051331,3,0,1,1,1,0,0
ENSMUSG00000022057,3,0,1,0,1,1,0
ENSMUSG00000034825,3,0,1,1,1,0,0
ENSMUSG00000110588,3,0,1,1,1,0,0
ENSMUSG00000078780,3,0,1,0,1,1,0
ENSMUSG00000020407,3,0,1,1,1,0,0
ENSMUSG00000032081,3,1,1,1,0,0,0
ENSMUSG00000031465,3,0,1,1,1,0,0
ENSMUSG00000023067,3,0,1,1,1,0,0
ENSMUSG00000074151,3,1,1,1,0,0,0
ENSMUSG00000065401,3,0,1,1,1,0,0
ENSMUSG00000047330,3,0,1,1,1,0,0
ENSMUSG00000020481,3,0,1,1,1,0,0
ENSMUSG00000035929,3,1,1,1,0,0,0
ENSMUSG00000024610,3,0,1,1,0,0,1
ENSMUSG00000085399,3,0,1,1,1,0,0
ENSMUSG00000034438,3,0,1,1,1,0,0
ENSMUSG00000026678,3,0,1,1,1,0,0
ENSMUSG00000041073,3,0,1,1,1,0,0
ENSMUSG00000000182,3,0,1,1,1,0,0
ENSMUSG00000006310,3,1,0,1,0,1,0
ENSMUSG00000030111,3,0,1,1,1,0,0
ENSMUSG00000073433,3,0,1,1,1,0,0
ENSMUSG00000048988,3,1,1,0,1,0,0
ENSMUSG00000057123,3,0,1,1,1,0,0
ENSMUSG00000096965,3,0,1,1,1,0,0
ENSMUSG00000078922,3,0,1,1,0,0,1
ENSMUSG00000020429,3,1,1,1,0,0,0
ENSMUSG00000082292,3,1,1,1,0,0,0
ENSMUSG00000001131,3,0,1,1,1,0,0
ENSMUSG00000015854,3,0,1,1,1,0,0
ENSMUSG00000090877,3,0,1,1,1,0,0
ENSMUSG00000026390,3,1,0,1,1,0,0
ENSMUSG00000030117,3,0,1,1,1,0,0
ENSMUSG00000078956,3,1,0,1,1,0,0
ENSMUSG00000030114,3,0,1,1,1,0,0
ENSMUSG00000079363,3,0,1,1,0,0,1
ENSMUSG00000102705,3,0,0,1,1,1,0
ENSMUSG00000045509,3,0,1,1,1,0,0
ENSMUSG00000047443,3,0,1,1,1,0,0
ENSMUSG00000017978,2,0,0,1,1,0,0
ENSMUSG00000093861,2,0,0,1,1,0,0
ENSMUSG00000053399,2,0,0,1,0,1,0
ENSMUSG00000002565,2,0,0,1,1,0,0
ENSMUSG00000028270,2,0,1,1,0,0,0
ENSMUSG00000033825,2,0,0,1,1,0,0
ENSMUSG00000029335,2,0,1,1,0,0,0
ENSMUSG00000028661,2,0,0,1,1,0,0
ENSMUSG00000106209,2,0,0,1,1,0,0
ENSMUSG00000074274,2,0,1,1,0,0,0
ENSMUSG00000028613,2,0,0,1,1,0,0
ENSMUSG00000057182,2,0,1,1,0,0,0
ENSMUSG00000023132,2,1,1,0,0,0,0
ENSMUSG00000038155,2,0,0,1,1,0,0
ENSMUSG00000040013,2,0,0,0,1,1,0
ENSMUSG00000057530,2,0,0,1,1,0,0
ENSMUSG00000042638,2,0,1,0,0,1,0
ENSMUSG00000075588,2,0,0,1,1,0,0
ENSMUSG00000020774,2,0,0,1,1,0,0
ENSMUSG00000035186,2,0,1,1,0,0,0
ENSMUSG00000024777,2,0,0,1,1,0,0
ENSMUSG00000052217,2,0,0,1,1,0,0
ENSMUSG00000094872,2,0,0,1,1,0,0
ENSMUSG00000033855,2,0,0,1,1,0,0
ENSMUSG00000076562,2,0,0,1,1,0,0
ENSMUSG00000050747,2,0,0,1,1,0,0
ENSMUSG00000050910,2,0,0,1,1,0,0
ENSMUSG00000075334,2,0,0,1,1,0,0
ENSMUSG00000048498,2,0,1,0,1,0,0
ENSMUSG00000022479,2,0,0,1,1,0,0
ENSMUSG00000037605,2,0,0,1,1,0,0
ENSMUSG00000095565,2,0,0,1,1,0,0
ENSMUSG00000040740,2,0,0,1,1,0,0
ENSMUSG00000025813,2,0,0,1,1,0,0
ENSMUSG00000062380,2,0,0,1,1,0,0
ENSMUSG00000041046,2,0,1,1,0,0,0
ENSMUSG00000060371,2,0,0,0,0,1,1
ENSMUSG00000042379,2,0,1,1,0,0,0
ENSMUSG00000025165,2,0,0,1,1,0,0
ENSMUSG00000020027,2,0,0,1,1,0,0
ENSMUSG00000076867,2,0,0,1,1,0,0
ENSMUSG00000052374,2,0,0,1,1,0,0
ENSMUSG00000076556,2,0,0,1,1,0,0
ENSMUSG00000074677,2,0,1,0,1,0,0
ENSMUSG00000007594,2,0,0,1,0,1,0
ENSMUSG00000032942,2,0,0,1,1,0,0
ENSMUSG00000031253,2,0,0,1,1,0,0
ENSMUSG00000027399,2,0,0,1,1,0,0
ENSMUSG00000020310,2,0,0,1,0,1,0
ENSMUSG00000022225,2,0,0,1,1,0,0
ENSMUSG00000085677,2,0,0,1,1,0,0
ENSMUSG00000068246,2,0,1,1,0,0,0
ENSMUSG00000005413,2,0,1,1,0,0,0
ENSMUSG00000094006,2,0,0,1,1,0,0
ENSMUSG00000076615,2,0,0,1,1,0,0
ENSMUSG00000067149,2,0,0,1,1,0,0
ENSMUSG00000102697,2,0,0,1,1,0,0
ENSMUSG00000025608,2,0,0,1,1,0,0
ENSMUSG00000003617,2,0,0,1,1,0,0
ENSMUSG00000034591,2,0,1,1,0,0,0
ENSMUSG00000054200,2,0,1,1,0,0,0
ENSMUSG00000013415,2,0,0,1,1,0,0
ENSMUSG00000043259,2,0,0,1,1,0,0
ENSMUSG00000029231,2,0,0,1,1,0,0
ENSMUSG00000026011,2,0,1,1,0,0,0
ENSMUSG00000041548,2,0,1,0,1,0,0
ENSMUSG00000027820,2,0,0,1,1,0,0
ENSMUSG00000034205,2,0,1,1,0,0,0
ENSMUSG00000066000,2,0,0,1,1,0,0
ENSMUSG00000022181,2,0,0,1,1,0,0
ENSMUSG00000028755,2,0,0,1,1,0,0
ENSMUSG00000025328,2,0,0,1,1,0,0
ENSMUSG00000026442,2,0,0,0,1,1,0
ENSMUSG00000054362,2,0,0,1,1,0,0
ENSMUSG00000048022,2,0,0,1,1,0,0
ENSMUSG00000076547,2,0,0,1,1,0,0
ENSMUSG00000056025,2,1,0,1,0,0,0
ENSMUSG00000049420,2,0,0,1,1,0,0
ENSMUSG00000026358,2,0,1,0,1,0,0
ENSMUSG00000004098,2,0,1,1,0,0,0
ENSMUSG00000103332,2,0,0,1,1,0,0
ENSMUSG00000024354,2,0,0,1,1,0,0
ENSMUSG00000031503,2,0,0,1,1,0,0
ENSMUSG00000061068,2,0,0,1,1,0,0
ENSMUSG00000008734,2,0,1,1,0,0,0
ENSMUSG00000019846,2,0,1,1,0,0,0
ENSMUSG00000095285,2,0,0,1,1,0,0
ENSMUSG00000006403,2,0,0,1,1,0,0
ENSMUSG00000076665,2,0,0,1,1,0,0
ENSMUSG00000051043,2,0,0,1,1,0,0
ENSMUSG00000087120,2,0,0,1,1,0,0
ENSMUSG00000010154,2,0,0,1,1,0,0
ENSMUSG00000018906,2,0,1,1,0,0,0
ENSMUSG00000045005,2,0,0,1,1,0,0
ENSMUSG00000031779,2,0,0,1,0,1,0
ENSMUSG00000095571,2,0,0,1,1,0,0
ENSMUSG00000006457,2,0,0,1,1,0,0
ENSMUSG00000050777,2,0,0,1,1,0,0
ENSMUSG00000025461,2,0,0,1,1,0,0
ENSMUSG00000030351,2,0,0,1,1,0,0
ENSMUSG00000028965,2,0,1,1,0,0,0
ENSMUSG00000042607,2,0,0,1,1,0,0
ENSMUSG00000006642,2,0,0,1,1,0,0
ENSMUSG00000023443,2,0,0,1,1,0,0
ENSMUSG00000037161,2,0,1,1,0,0,0
ENSMUSG00000073000,2,0,1,1,0,0,0
ENSMUSG00000029309,2,0,0,1,1,0,0
ENSMUSG00000074652,2,0,0,1,1,0,0
ENSMUSG00000076749,2,0,0,1,1,0,0
ENSMUSG00000015766,2,0,0,1,1,0,0
ENSMUSG00000021319,2,0,0,0,1,1,0
ENSMUSG00000029762,2,0,1,1,0,0,0
ENSMUSG00000025739,2,0,0,1,1,0,0
ENSMUSG00000038729,2,0,0,1,1,0,0
ENSMUSG00000046442,2,0,0,1,1,0,0
ENSMUSG00000002578,2,0,0,1,1,0,0
ENSMUSG00000048402,2,0,0,1,1,0,0
ENSMUSG00000098934,2,0,0,1,1,0,0
ENSMUSG00000045502,2,0,1,0,1,0,0
ENSMUSG00000024087,2,0,0,1,1,0,0
ENSMUSG00000025161,2,0,1,0,1,0,0
ENSMUSG00000032462,2,0,0,0,1,1,0
ENSMUSG00000026725,2,0,0,1,1,0,0
ENSMUSG00000009876,2,0,1,0,0,1,0
ENSMUSG00000081965,2,0,0,1,1,0,0
ENSMUSG00000043556,2,0,0,1,1,0,0
ENSMUSG00000021779,2,0,0,1,0,1,0
ENSMUSG00000029096,2,0,0,1,1,0,0
ENSMUSG00000021613,2,0,1,1,0,0,0
ENSMUSG00000029816,2,0,1,0,0,1,0
ENSMUSG00000031765,2,0,1,1,0,0,0
ENSMUSG00000041592,2,0,0,1,1,0,0
ENSMUSG00000036545,2,0,0,1,1,0,0
ENSMUSG00000075602,2,0,1,1,0,0,0
ENSMUSG00000035385,2,1,0,0,1,0,0
ENSMUSG00000050896,2,0,0,1,1,0,0
ENSMUSG00000049134,2,0,0,1,1,0,0
ENSMUSG00000023033,2,0,1,1,0,0,0
ENSMUSG00000073555,2,0,0,1,1,0,0
ENSMUSG00000094951,2,0,0,1,1,0,0
ENSMUSG00000025044,2,0,1,0,1,0,0
ENSMUSG00000035275,2,0,1,0,1,0,0
ENSMUSG00000076522,2,0,0,1,1,0,0
ENSMUSG00000038007,2,0,1,0,1,0,0
ENSMUSG00000094194,2,0,0,1,1,0,0
ENSMUSG00000014813,2,0,1,1,0,0,0
ENSMUSG00000038665,2,0,0,1,1,0,0
ENSMUSG00000076523,2,0,0,1,1,0,0
ENSMUSG00000041608,2,0,0,1,1,0,0
ENSMUSG00000047497,2,0,0,1,1,0,0
ENSMUSG00000016496,2,1,1,0,0,0,0
ENSMUSG00000028435,2,0,0,1,1,0,0
ENSMUSG00000038917,2,0,1,1,0,0,0
ENSMUSG00000076575,2,0,0,1,1,0,0
ENSMUSG00000020099,2,0,0,1,1,0,0
ENSMUSG00000026628,2,1,1,0,0,0,0
ENSMUSG00000036887,2,0,0,1,0,1,0
ENSMUSG00000072294,2,1,0,1,0,0,0
ENSMUSG00000052187,2,0,0,1,1,0,0
ENSMUSG00000044534,2,0,0,1,0,0,1
ENSMUSG00000054072,2,0,0,1,0,1,0
ENSMUSG00000103793,2,0,0,1,1,0,0
ENSMUSG00000051065,2,0,0,1,0,1,0
ENSMUSG00000037411,2,0,1,1,0,0,0
ENSMUSG00000021098,2,0,0,1,1,0,0
ENSMUSG00000054555,2,0,0,1,1,0,0
ENSMUSG00000078616,2,0,0,1,1,0,0
ENSMUSG00000096490,2,0,0,1,1,0,0
ENSMUSG00000103037,2,1,0,1,0,0,0
ENSMUSG00000044646,2,0,1,1,0,0,0
ENSMUSG00000051855,2,0,0,1,1,0,0
ENSMUSG00000027238,2,0,0,1,1,0,0
ENSMUSG00000048572,2,0,0,1,1,0,0
ENSMUSG00000031486,2,0,0,1,1,0,0
ENSMUSG00000038932,2,0,0,1,1,0,0
ENSMUSG00000079339,2,0,0,1,0,1,0
ENSMUSG00000079491,2,0,1,1,0,0,0
ENSMUSG00000076518,2,0,0,1,1,0,0
ENSMUSG00000032802,2,0,0,1,1,0,0
ENSMUSG00000073184,2,0,0,1,1,0,0
ENSMUSG00000031461,2,0,0,1,0,1,0
ENSMUSG00000039956,2,0,0,1,1,0,0
ENSMUSG00000074923,2,0,0,1,1,0,0
ENSMUSG00000100150,2,0,1,1,0,0,0
ENSMUSG00000020007,2,0,0,1,1,0,0
ENSMUSG00000022504,2,1,0,1,0,0,0
ENSMUSG00000020123,2,0,0,1,1,0,0
ENSMUSG00000000253,2,0,0,1,1,0,0
ENSMUSG00000031075,2,0,0,1,1,0,0
ENSMUSG00000027004,2,0,0,1,1,0,0
ENSMUSG00000103313,2,0,0,1,1,0,0
ENSMUSG00000105283,2,0,0,1,1,0,0
ENSMUSG00000095981,2,0,0,1,1,0,0
ENSMUSG00000068227,2,1,0,1,0,0,0
ENSMUSG00000033182,2,0,0,1,1,0,0
ENSMUSG00000028125,2,0,0,1,1,0,0
ENSMUSG00000020695,2,0,0,1,1,0,0
ENSMUSG00000026675,2,0,0,1,1,0,0
ENSMUSG00000031594,2,0,1,0,1,0,0
ENSMUSG00000029304,2,0,0,1,1,0,0
ENSMUSG00000091119,2,0,0,1,0,1,0
ENSMUSG00000076532,2,0,0,1,1,0,0
ENSMUSG00000034855,2,0,0,1,0,1,0
ENSMUSG00000030268,2,0,0,1,0,0,1
ENSMUSG00000055421,2,0,0,1,1,0,0
ENSMUSG00000099241,2,0,1,0,1,0,0
ENSMUSG00000042804,2,0,0,1,1,0,0
ENSMUSG00000036040,2,1,0,0,1,0,0
ENSMUSG00000022754,2,0,0,1,1,0,0
ENSMUSG00000004359,2,0,1,1,0,0,0
ENSMUSG00000006219,2,0,0,1,1,0,0
ENSMUSG00000059089,2,0,1,0,1,0,0
ENSMUSG00000073421,2,0,1,1,0,0,0
ENSMUSG00000073802,2,0,0,1,1,0,0
ENSMUSG00000031762,2,0,1,1,0,0,0
ENSMUSG00000070323,2,0,1,0,1,0,0
ENSMUSG00000040794,2,0,0,1,1,0,0
ENSMUSG00000035506,2,0,0,1,1,0,0
ENSMUSG00000019232,2,0,1,1,0,0,0
ENSMUSG00000046727,2,0,0,1,1,0,0
ENSMUSG00000029307,2,0,0,1,1,0,0
ENSMUSG00000069793,2,0,0,1,1,0,0
ENSMUSG00000037035,2,0,0,1,1,0,0
ENSMUSG00000104713,2,0,0,1,0,0,1
ENSMUSG00000020020,2,0,0,1,1,0,0
ENSMUSG00000092277,2,0,1,1,0,0,0
ENSMUSG00000050105,2,0,1,1,0,0,0
ENSMUSG00000024530,2,0,0,1,1,0,0
ENSMUSG00000040016,2,0,0,1,1,0,0
ENSMUSG00000021301,2,0,0,0,1,1,0
ENSMUSG00000023232,2,0,0,1,1,0,0
ENSMUSG00000061436,2,1,0,0,1,0,0
ENSMUSG00000027869,2,0,0,1,0,1,0
ENSMUSG00000021087,2,0,0,1,1,0,0
ENSMUSG00000106737,2,0,0,1,1,0,0
ENSMUSG00000102428,2,0,0,1,1,0,0
ENSMUSG00000026829,2,0,0,1,1,0,0
ENSMUSG00000032332,2,0,1,1,0,0,0
ENSMUSG00000062593,2,0,1,0,0,1,0
ENSMUSG00000093894,2,0,0,1,1,0,0
ENSMUSG00000060568,2,0,1,1,0,0,0
ENSMUSG00000002250,2,0,0,1,1,0,0
ENSMUSG00000079014,2,0,1,0,1,0,0
ENSMUSG00000085085,2,0,0,1,1,0,0
ENSMUSG00000028982,2,0,0,1,1,0,0
ENSMUSG00000086335,2,0,0,1,1,0,0
ENSMUSG00000066113,2,0,0,1,1,0,0
ENSMUSG00000040936,2,0,0,1,1,0,0
ENSMUSG00000030088,2,0,0,1,1,0,0
ENSMUSG00000047990,2,0,0,1,1,0,0
ENSMUSG00000036264,2,0,0,1,0,1,0
ENSMUSG00000030022,2,0,0,1,1,0,0
ENSMUSG00000021903,2,0,1,1,0,0,0
ENSMUSG00000076680,2,0,0,1,1,0,0
ENSMUSG00000052353,2,0,0,1,1,0,0
ENSMUSG00000096498,2,0,0,1,1,0,0
ENSMUSG00000023013,2,0,0,1,0,0,1
ENSMUSG00000100744,2,0,0,1,1,0,0
ENSMUSG00000035692,2,0,0,1,0,1,0
ENSMUSG00000097305,2,0,0,1,1,0,0
ENSMUSG00000105606,2,0,0,1,1,0,0
ENSMUSG00000032839,2,0,0,1,1,0,0
ENSMUSG00000020218,2,0,0,1,0,0,1
ENSMUSG00000076577,2,0,0,1,1,0,0
ENSMUSG00000036594,2,0,0,1,0,0,1
ENSMUSG00000008845,2,1,0,1,0,0,0
ENSMUSG00000103636,2,0,0,1,1,0,0
ENSMUSG00000056656,2,1,0,0,1,0,0
ENSMUSG00000029822,2,0,0,1,1,0,0
ENSMUSG00000027555,2,0,1,0,1,0,0
ENSMUSG00000027077,2,0,0,1,1,0,0
ENSMUSG00000086487,2,0,0,1,1,0,0
ENSMUSG00000026991,2,0,0,1,1,0,0
ENSMUSG00000076473,2,0,1,1,0,0,0
ENSMUSG00000073411,2,0,1,0,0,0,1
ENSMUSG00000003665,2,1,1,0,0,0,0
ENSMUSG00000044303,2,0,0,1,1,0,0
ENSMUSG00000040838,2,0,0,1,1,0,0
ENSMUSG00000036473,2,0,0,1,1,0,0
ENSMUSG00000070639,2,0,0,1,1,0,0
ENSMUSG00000019997,2,0,1,1,0,0,0
ENSMUSG00000032372,2,0,1,0,1,0,0
ENSMUSG00000073197,2,0,0,1,1,0,0
ENSMUSG00000096326,2,0,0,1,1,0,0
ENSMUSG00000079547,2,0,1,1,0,0,0
ENSMUSG00000020331,2,0,1,0,0,1,0
ENSMUSG00000025930,2,0,1,0,1,0,0
ENSMUSG00000029095,2,0,0,1,1,0,0
ENSMUSG00000005553,2,0,1,0,0,1,0
ENSMUSG00000025277,2,0,0,1,1,0,0
ENSMUSG00000024924,2,0,1,1,0,0,0
ENSMUSG00000025185,2,0,0,1,1,0,0
ENSMUSG00000050982,2,0,0,1,1,0,0
ENSMUSG00000015354,2,0,0,1,1,0,0
ENSMUSG00000091366,2,0,0,1,1,0,0
ENSMUSG00000025746,2,0,1,0,1,0,0
ENSMUSG00000026131,2,0,0,1,1,0,0
ENSMUSG00000040264,2,0,1,1,0,0,0
ENSMUSG00000029711,2,0,1,0,0,0,1
ENSMUSG00000039126,2,0,0,1,1,0,0
ENSMUSG00000076652,2,0,0,1,1,0,0
ENSMUSG00000040280,2,0,1,1,0,0,0
ENSMUSG00000076677,2,0,0,1,1,0,0
ENSMUSG00000027533,2,0,0,1,1,0,0
ENSMUSG00000021118,2,0,0,1,1,0,0
ENSMUSG00000017446,2,0,0,1,1,0,0
ENSMUSG00000035284,2,0,0,1,1,0,0
ENSMUSG00000022456,2,0,0,1,1,0,0
ENSMUSG00000068859,2,0,0,0,1,1,0
ENSMUSG00000011632,2,0,0,1,0,1,0
ENSMUSG00000063388,2,0,1,1,0,0,0
ENSMUSG00000061232,2,1,0,0,0,0,1
ENSMUSG00000031502,2,0,0,1,1,0,0
ENSMUSG00000039304,2,0,0,1,0,1,0
ENSMUSG00000097194,2,0,1,1,0,0,0
ENSMUSG00000001089,2,0,0,1,1,0,0
ENSMUSG00000074388,2,0,0,1,1,0,0
ENSMUSG00000036446,2,0,0,1,1,0,0
ENSMUSG00000043822,2,0,0,1,1,0,0
ENSMUSG00000032578,2,0,0,1,1,0,0
ENSMUSG00000028967,2,1,0,1,0,0,0
ENSMUSG00000046275,2,0,0,1,1,0,0
ENSMUSG00000021091,2,1,0,0,1,0,0
ENSMUSG00000025964,2,0,1,1,0,0,0
ENSMUSG00000005360,2,0,1,1,0,0,0
ENSMUSG00000052819,1,0,0,0,0,1,0
ENSMUSG00000058145,1,0,0,1,0,0,0
ENSMUSG00000032489,1,0,0,0,0,1,0
ENSMUSG00000024535,1,0,0,1,0,0,0
ENSMUSG00000042724,1,0,0,0,0,1,0
ENSMUSG00000006930,1,0,0,1,0,0,0
ENSMUSG00000038764,1,0,0,1,0,0,0
ENSMUSG00000032062,1,0,0,1,0,0,0
ENSMUSG00000107742,1,0,0,0,1,0,0
ENSMUSG00000004415,1,0,0,0,1,0,0
ENSMUSG00000068794,1,0,0,0,1,0,0
ENSMUSG00000042757,1,0,1,0,0,0,0
ENSMUSG00000030607,1,0,0,1,0,0,0
ENSMUSG00000027500,1,0,1,0,0,0,0
ENSMUSG00000022229,1,0,0,0,1,0,0
ENSMUSG00000012017,1,0,0,1,0,0,0
ENSMUSG00000024313,1,0,0,1,0,0,0
ENSMUSG00000087450,1,0,0,1,0,0,0
ENSMUSG00000028399,1,0,0,1,0,0,0
ENSMUSG00000028195,1,0,0,1,0,0,0
ENSMUSG00000014603,1,0,0,1,0,0,0
ENSMUSG00000033453,1,0,0,1,0,0,0
ENSMUSG00000020431,1,0,0,1,0,0,0
ENSMUSG00000038371,1,0,0,1,0,0,0
ENSMUSG00000054031,1,0,0,0,0,1,0
ENSMUSG00000052957,1,0,0,1,0,0,0
ENSMUSG00000028179,1,0,1,0,0,0,0
ENSMUSG00000069539,1,0,1,0,0,0,0
ENSMUSG00000097649,1,0,0,1,0,0,0
ENSMUSG00000073008,1,0,0,0,0,1,0
ENSMUSG00000056824,1,0,0,0,1,0,0
ENSMUSG00000024042,1,1,0,0,0,0,0
ENSMUSG00000069456,1,0,0,0,0,0,1
ENSMUSG00000031980,1,0,0,1,0,0,0
ENSMUSG00000029061,1,0,0,1,0,0,0
ENSMUSG00000109831,1,0,0,0,1,0,0
ENSMUSG00000032023,1,0,0,1,0,0,0
ENSMUSG00000057969,1,0,0,1,0,0,0
ENSMUSG00000031725,1,0,0,0,0,0,1
ENSMUSG00000079445,1,0,0,0,1,0,0
ENSMUSG00000038721,1,0,0,1,0,0,0
ENSMUSG00000094319,1,0,0,0,1,0,0
ENSMUSG00000034459,1,0,0,0,0,1,0
ENSMUSG00000040310,1,0,0,1,0,0,0
ENSMUSG00000036867,1,1,0,0,0,0,0
ENSMUSG00000043421,1,0,1,0,0,0,0
ENSMUSG00000033022,1,0,0,1,0,0,0
ENSMUSG00000108900,1,0,0,1,0,0,0
ENSMUSG00000070717,1,0,0,0,1,0,0
ENSMUSG00000024209,1,0,0,0,0,1,0
ENSMUSG00000051716,1,0,1,0,0,0,0
ENSMUSG00000026177,1,0,0,0,1,0,0
ENSMUSG00000079694,1,0,0,0,1,0,0
ENSMUSG00000020627,1,0,0,1,0,0,0
ENSMUSG00000094752,1,0,0,0,0,1,0
ENSMUSG00000030110,1,0,0,0,0,0,1
ENSMUSG00000030587,1,0,1,0,0,0,0
ENSMUSG00000022303,1,0,0,1,0,0,0
ENSMUSG00000104876,1,0,0,0,0,1,0
ENSMUSG00000104452,1,0,0,1,0,0,0
ENSMUSG00000035133,1,0,0,0,1,0,0
ENSMUSG00000063364,1,0,0,0,1,0,0
ENSMUSG00000083311,1,0,1,0,0,0,0
ENSMUSG00000090084,1,0,0,1,0,0,0
ENSMUSG00000030147,1,0,0,1,0,0,0
ENSMUSG00000030494,1,0,0,1,0,0,0
ENSMUSG00000084756,1,0,0,0,1,0,0
ENSMUSG00000024529,1,0,0,1,0,0,0
ENSMUSG00000072623,1,0,0,1,0,0,0
ENSMUSG00000086389,1,0,1,0,0,0,0
ENSMUSG00000040690,1,0,0,1,0,0,0
ENSMUSG00000050359,1,0,1,0,0,0,0
ENSMUSG00000024907,1,0,0,1,0,0,0
ENSMUSG00000057666,1,0,1,0,0,0,0
ENSMUSG00000052981,1,0,0,1,0,0,0
ENSMUSG00000029121,1,0,0,1,0,0,0
ENSMUSG00000025140,1,0,0,1,0,0,0
ENSMUSG00000079598,1,0,0,1,0,0,0
ENSMUSG00000062991,1,0,1,0,0,0,0
ENSMUSG00000048368,1,0,0,1,0,0,0
ENSMUSG00000022894,1,0,0,1,0,0,0
ENSMUSG00000054256,1,0,0,1,0,0,0
ENSMUSG00000108441,1,0,0,0,0,1,0
ENSMUSG00000021363,1,0,0,0,1,0,0
ENSMUSG00000108084,1,0,0,0,1,0,0
ENSMUSG00000070708,1,0,0,0,0,1,0
ENSMUSG00000023886,1,0,0,0,1,0,0
ENSMUSG00000041789,1,0,0,0,1,0,0
ENSMUSG00000039315,1,0,0,1,0,0,0
ENSMUSG00000014361,1,0,0,1,0,0,0
ENSMUSG00000028766,1,0,0,1,0,0,0
ENSMUSG00000070369,1,0,0,1,0,0,0
ENSMUSG00000021760,1,0,0,1,0,0,0
ENSMUSG00000055789,1,0,0,0,1,0,0
ENSMUSG00000028528,1,0,0,0,1,0,0
ENSMUSG00000099974,1,0,0,1,0,0,0
ENSMUSG00000045095,1,0,0,1,0,0,0
ENSMUSG00000028226,1,0,0,1,0,0,0
ENSMUSG00000004791,1,0,0,0,1,0,0
ENSMUSG00000025333,1,0,0,0,0,1,0
ENSMUSG00000052837,1,0,1,0,0,0,0
ENSMUSG00000024593,1,0,0,1,0,0,0
ENSMUSG00000020395,1,0,0,1,0,0,0
ENSMUSG00000050232,1,0,0,1,0,0,0
ENSMUSG00000025279,1,0,0,1,0,0,0
ENSMUSG00000022246,1,0,0,1,0,0,0
ENSMUSG00000044177,1,0,0,1,0,0,0
ENSMUSG00000039720,1,0,0,0,0,1,0
ENSMUSG00000058755,1,0,0,0,1,0,0
ENSMUSG00000006711,1,0,0,0,0,1,0
ENSMUSG00000014776,1,0,0,1,0,0,0
ENSMUSG00000091562,1,1,0,0,0,0,0
ENSMUSG00000020057,1,0,1,0,0,0,0
ENSMUSG00000049281,1,0,0,0,1,0,0
ENSMUSG00000106379,1,0,0,0,1,0,0
ENSMUSG00000109866,1,0,0,0,1,0,0
ENSMUSG00000037428,1,0,0,1,0,0,0
ENSMUSG00000025576,1,0,0,1,0,0,0
ENSMUSG00000036564,1,0,0,1,0,0,0
ENSMUSG00000105601,1,0,0,1,0,0,0
ENSMUSG00000076674,1,0,0,0,1,0,0
ENSMUSG00000058806,1,0,0,1,0,0,0
ENSMUSG00000031290,1,0,0,1,0,0,0
ENSMUSG00000074217,1,0,1,0,0,0,0
ENSMUSG00000047793,1,0,0,0,1,0,0
ENSMUSG00000085923,1,0,1,0,0,0,0
ENSMUSG00000030748,1,0,0,0,1,0,0
ENSMUSG00000095788,1,0,0,0,1,0,0
ENSMUSG00000101517,1,0,0,0,0,1,0
ENSMUSG00000052942,1,0,0,0,1,0,0
ENSMUSG00000025213,1,0,0,1,0,0,0
ENSMUSG00000068105,1,0,0,1,0,0,0
ENSMUSG00000049608,1,0,0,1,0,0,0
ENSMUSG00000067599,1,0,0,1,0,0,0
ENSMUSG00000027611,1,0,1,0,0,0,0
ENSMUSG00000026012,1,0,0,1,0,0,0
ENSMUSG00000026407,1,0,0,1,0,0,0
ENSMUSG00000041420,1,0,0,1,0,0,0
ENSMUSG00000081169,1,0,0,1,0,0,0
ENSMUSG00000034422,1,1,0,0,0,0,0
ENSMUSG00000050953,1,0,0,1,0,0,0
ENSMUSG00000110874,1,0,0,1,0,0,0
ENSMUSG00000037362,1,0,0,1,0,0,0
ENSMUSG00000039234,1,0,0,1,0,0,0
ENSMUSG00000020264,1,0,0,1,0,0,0
ENSMUSG00000022324,1,0,0,0,1,0,0
ENSMUSG00000031099,1,0,0,1,0,0,0
ENSMUSG00000049404,1,0,0,1,0,0,0
ENSMUSG00000024810,1,0,0,0,1,0,0
ENSMUSG00000018593,1,0,0,1,0,0,0
ENSMUSG00000029185,1,0,0,1,0,0,0
ENSMUSG00000061080,1,0,0,1,0,0,0
ENSMUSG00000045180,1,0,0,1,0,0,0
ENSMUSG00000070407,1,0,0,1,0,0,0
ENSMUSG00000108184,1,0,0,1,0,0,0
ENSMUSG00000069516,1,0,0,0,0,1,0
ENSMUSG00000032340,1,0,0,1,0,0,0
ENSMUSG00000022012,1,0,0,1,0,0,0
ENSMUSG00000010461,1,0,1,0,0,0,0
ENSMUSG00000031523,1,0,0,1,0,0,0
ENSMUSG00000055489,1,0,0,0,1,0,0
ENSMUSG00000055963,1,0,0,1,0,0,0
ENSMUSG00000021190,1,0,0,1,0,0,0
ENSMUSG00000072664,1,0,0,0,0,0,1
ENSMUSG00000032076,1,0,0,1,0,0,0
ENSMUSG00000038146,1,0,0,1,0,0,0
ENSMUSG00000030650,1,0,0,0,0,1,0
ENSMUSG00000041119,1,0,0,0,1,0,0
ENSMUSG00000090125,1,0,0,0,0,1,0
ENSMUSG00000043085,1,0,0,1,0,0,0
ENSMUSG00000087700,1,0,1,0,0,0,0
ENSMUSG00000038630,1,0,0,1,0,0,0
ENSMUSG00000040147,1,0,0,1,0,0,0
ENSMUSG00000094690,1,0,1,0,0,0,0
ENSMUSG00000024922,1,0,0,0,0,1,0
ENSMUSG00000039997,1,0,0,0,0,1,0
ENSMUSG00000104769,1,0,0,1,0,0,0
ENSMUSG00000030609,1,0,0,0,0,1,0
ENSMUSG00000017754,1,0,0,1,0,0,0
ENSMUSG00000073594,1,0,0,0,0,1,0
ENSMUSG00000075395,1,0,0,0,0,1,0
ENSMUSG00000027087,1,0,1,0,0,0,0
ENSMUSG00000069763,1,0,0,0,1,0,0
ENSMUSG00000087149,1,0,0,0,0,1,0
ENSMUSG00000029553,1,0,0,0,0,1,0
ENSMUSG00000020826,1,0,0,1,0,0,0
ENSMUSG00000045326,1,0,0,1,0,0,0
ENSMUSG00000097657,1,0,0,0,0,1,0
ENSMUSG00000022329,1,0,0,0,1,0,0
ENSMUSG00000047907,1,0,0,1,0,0,0
ENSMUSG00000027796,1,0,0,1,0,0,0
ENSMUSG00000031397,1,0,0,0,0,1,0
ENSMUSG00000021200,1,0,0,1,0,0,0
ENSMUSG00000024155,1,0,1,0,0,0,0
ENSMUSG00000023905,1,0,1,0,0,0,0
ENSMUSG00000024247,1,0,0,1,0,0,0
ENSMUSG00000049723,1,0,0,1,0,0,0
ENSMUSG00000001865,1,0,0,0,1,0,0
ENSMUSG00000004347,1,0,0,1,0,0,0
ENSMUSG00000106671,1,0,0,0,0,1,0
ENSMUSG00000031748,1,0,0,1,0,0,0
ENSMUSG00000017007,1,0,0,1,0,0,0
ENSMUSG00000026443,1,0,0,0,1,0,0
ENSMUSG00000049130,1,0,0,0,0,1,0
ENSMUSG00000005124,1,0,0,1,0,0,0
ENSMUSG00000017969,1,0,0,1,0,0,0
ENSMUSG00000028264,1,0,0,1,0,0,0
ENSMUSG00000085911,1,0,0,0,0,1,0
ENSMUSG00000073164,1,0,0,1,0,0,0
ENSMUSG00000027832,1,0,0,1,0,0,0
ENSMUSG00000096336,1,0,0,0,1,0,0
ENSMUSG00000073985,1,0,0,1,0,0,0
ENSMUSG00000037709,1,0,0,1,0,0,0
ENSMUSG00000054675,1,0,0,1,0,0,0
ENSMUSG00000027859,1,0,0,1,0,0,0
ENSMUSG00000060586,1,0,0,1,0,0,0
ENSMUSG00000111820,1,0,0,1,0,0,0
ENSMUSG00000028610,1,0,0,0,0,1,0
ENSMUSG00000036139,1,0,0,1,0,0,0
ENSMUSG00000001506,1,0,0,1,0,0,0
ENSMUSG00000076480,1,0,0,1,0,0,0
ENSMUSG00000053081,1,0,0,0,1,0,0
ENSMUSG00000050957,1,0,0,1,0,0,0
ENSMUSG00000048040,1,0,0,0,1,0,0
ENSMUSG00000029298,1,1,0,0,0,0,0
ENSMUSG00000001510,1,0,0,1,0,0,0
ENSMUSG00000005802,1,0,0,1,0,0,0
ENSMUSG00000057614,1,0,0,1,0,0,0
ENSMUSG00000028111,1,0,0,1,0,0,0
ENSMUSG00000022661,1,0,0,1,0,0,0
ENSMUSG00000035104,1,0,0,1,0,0,0
ENSMUSG00000040543,1,0,0,1,0,0,0
ENSMUSG00000102252,1,0,0,1,0,0,0
ENSMUSG00000085603,1,0,0,1,0,0,0
ENSMUSG00000042215,1,0,1,0,0,0,0
ENSMUSG00000053646,1,0,0,1,0,0,0
ENSMUSG00000097481,1,0,0,1,0,0,0
ENSMUSG00000021803,1,0,0,0,1,0,0
ENSMUSG00000063286,1,1,0,0,0,0,0
ENSMUSG00000052572,1,0,0,0,0,1,0
ENSMUSG00000099835,1,0,1,0,0,0,0
ENSMUSG00000029581,1,0,0,1,0,0,0
ENSMUSG00000001657,1,0,0,1,0,0,0
ENSMUSG00000087022,1,0,0,1,0,0,0
ENSMUSG00000094124,1,0,0,0,1,0,0
ENSMUSG00000001988,1,0,0,0,1,0,0
ENSMUSG00000064310,1,0,0,0,0,1,0
ENSMUSG00000031981,1,0,0,0,0,1,0
ENSMUSG00000023495,1,0,0,1,0,0,0
ENSMUSG00000029288,1,0,0,1,0,0,0
ENSMUSG00000020182,1,0,0,1,0,0,0
ENSMUSG00000050530,1,0,0,1,0,0,0
ENSMUSG00000048537,1,0,0,1,0,0,0
ENSMUSG00000021567,1,0,0,1,0,0,0
ENSMUSG00000030616,1,0,0,1,0,0,0
ENSMUSG00000055435,1,0,0,1,0,0,0
ENSMUSG00000054136,1,0,1,0,0,0,0
ENSMUSG00000010342,1,0,1,0,0,0,0
ENSMUSG00000048355,1,0,0,0,1,0,0
ENSMUSG00000010505,1,0,0,0,0,1,0
ENSMUSG00000072812,1,0,0,1,0,0,0
ENSMUSG00000053930,1,0,0,0,1,0,0
ENSMUSG00000028211,1,0,1,0,0,0,0
ENSMUSG00000029847,1,0,0,1,0,0,0
ENSMUSG00000050212,1,0,0,1,0,0,0
ENSMUSG00000025478,1,0,0,1,0,0,0
ENSMUSG00000102615,1,0,0,1,0,0,0
ENSMUSG00000076469,1,0,0,1,0,0,0
ENSMUSG00000110076,1,0,0,0,0,1,0
ENSMUSG00000043613,1,0,0,0,1,0,0
ENSMUSG00000086962,1,0,0,0,0,1,0
ENSMUSG00000078925,1,0,1,0,0,0,0
ENSMUSG00000044006,1,0,0,1,0,0,0
ENSMUSG00000023951,1,0,1,0,0,0,0
ENSMUSG00000024235,1,0,1,0,0,0,0
ENSMUSG00000019577,1,0,0,1,0,0,0
ENSMUSG00000007617,1,0,0,0,1,0,0
ENSMUSG00000062077,1,0,0,1,0,0,0
ENSMUSG00000070436,1,0,0,1,0,0,0
ENSMUSG00000085734,1,0,1,0,0,0,0
ENSMUSG00000041052,1,0,0,0,0,0,1
ENSMUSG00000026888,1,0,0,1,0,0,0
ENSMUSG00000000093,1,0,0,1,0,0,0
ENSMUSG00000060180,1,0,0,0,0,1,0
ENSMUSG00000022696,1,0,0,1,0,0,0
ENSMUSG00000052974,1,0,0,0,0,1,0
ENSMUSG00000110186,1,0,0,0,0,1,0
ENSMUSG00000030730,1,0,0,1,0,0,0
ENSMUSG00000050370,1,1,0,0,0,0,0
ENSMUSG00000099398,1,0,0,0,1,0,0
ENSMUSG00000020019,1,0,1,0,0,0,0
ENSMUSG00000051236,1,0,0,1,0,0,0
ENSMUSG00000022440,1,0,0,1,0,0,0
ENSMUSG00000056328,1,0,0,1,0,0,0
ENSMUSG00000031289,1,0,0,1,0,0,0
ENSMUSG00000032737,1,0,0,1,0,0,0
ENSMUSG00000032289,1,0,0,1,0,0,0
ENSMUSG00000040253,1,0,0,1,0,0,0
ENSMUSG00000100335,1,0,0,1,0,0,0
ENSMUSG00000046618,1,0,0,0,1,0,0
ENSMUSG00000020277,1,0,1,0,0,0,0
ENSMUSG00000039270,1,0,1,0,0,0,0
ENSMUSG00000019929,1,0,0,1,0,0,0
ENSMUSG00000050671,1,0,1,0,0,0,0
ENSMUSG00000040254,1,0,0,1,0,0,0
ENSMUSG00000010044,1,0,1,0,0,0,0
ENSMUSG00000015094,1,0,0,1,0,0,0
ENSMUSG00000041323,1,0,1,0,0,0,0
ENSMUSG00000025006,1,1,0,0,0,0,0
ENSMUSG00000066392,1,0,0,0,0,1,0
ENSMUSG00000056671,1,0,1,0,0,0,0
ENSMUSG00000039704,1,0,0,0,1,0,0
ENSMUSG00000032776,1,0,0,0,0,1,0
ENSMUSG00000031376,1,0,0,0,0,1,0
ENSMUSG00000045004,1,0,0,0,0,1,0
ENSMUSG00000056300,1,0,0,0,1,0,0
ENSMUSG00000045934,1,0,1,0,0,0,0
ENSMUSG00000004892,1,0,0,1,0,0,0
ENSMUSG00000027460,1,0,0,1,0,0,0
ENSMUSG00000081240,1,0,0,0,0,1,0
ENSMUSG00000040569,1,0,0,1,0,0,0
ENSMUSG00000032243,1,0,0,1,0,0,0
ENSMUSG00000021638,1,0,0,0,1,0,0
ENSMUSG00000070047,1,0,0,1,0,0,0
ENSMUSG00000087330,1,0,0,0,1,0,0
ENSMUSG00000035165,1,0,0,0,1,0,0
ENSMUSG00000058470,1,0,0,1,0,0,0
ENSMUSG00000068113,1,0,0,0,0,1,0
ENSMUSG00000032006,1,0,0,1,0,0,0
ENSMUSG00000104346,1,0,0,1,0,0,0
ENSMUSG00000062082,1,0,1,0,0,0,0
ENSMUSG00000045725,1,0,0,1,0,0,0
ENSMUSG00000061911,1,0,0,0,0,1,0
ENSMUSG00000041798,1,0,0,0,0,1,0
ENSMUSG00000042622,1,0,1,0,0,0,0
ENSMUSG00000006014,1,0,0,1,0,0,0
ENSMUSG00000031933,1,0,0,1,0,0,0
ENSMUSG00000079262,1,0,0,0,0,0,1
ENSMUSG00000057777,1,0,0,1,0,0,0
ENSMUSG00000047040,1,0,0,0,1,0,0
ENSMUSG00000108213,1,0,0,0,0,1,0
ENSMUSG00000027559,1,0,0,1,0,0,0
ENSMUSG00000034387,1,0,1,0,0,0,0
ENSMUSG00000016239,1,0,0,0,0,1,0
ENSMUSG00000032702,1,0,0,1,0,0,0
ENSMUSG00000024330,1,0,0,1,0,0,0
ENSMUSG00000032179,1,0,0,1,0,0,0
ENSMUSG00000046818,1,0,0,1,0,0,0
ENSMUSG00000029757,1,0,0,1,0,0,0
ENSMUSG00000022272,1,0,0,1,0,0,0
ENSMUSG00000020690,1,0,0,0,1,0,0
ENSMUSG00000099032,1,0,1,0,0,0,0
ENSMUSG00000034910,1,0,0,1,0,0,0
ENSMUSG00000059901,1,0,0,1,0,0,0
ENSMUSG00000090799,1,0,0,1,0,0,0
ENSMUSG00000033419,1,0,0,0,0,1,0
ENSMUSG00000102918,1,0,0,1,0,0,0
ENSMUSG00000030996,1,0,0,1,0,0,0
ENSMUSG00000080115,1,0,0,1,0,0,0
ENSMUSG00000027546,1,0,0,1,0,0,0
ENSMUSG00000027200,1,0,0,1,0,0,0
ENSMUSG00000033006,1,0,0,1,0,0,0
ENSMUSG00000075012,1,0,0,0,1,0,0
ENSMUSG00000050737,1,0,1,0,0,0,0
ENSMUSG00000053559,1,0,0,1,0,0,0
ENSMUSG00000024371,1,0,0,1,0,0,0
ENSMUSG00000047730,1,0,0,0,0,1,0
ENSMUSG00000036459,1,0,0,1,0,0,0
ENSMUSG00000032899,1,0,0,0,0,1,0
ENSMUSG00000041205,1,0,0,0,1,0,0
ENSMUSG00000026656,1,0,0,0,0,0,1
ENSMUSG00000059213,1,0,0,0,1,0,0
ENSMUSG00000046280,1,0,0,1,0,0,0
ENSMUSG00000054892,1,0,0,1,0,0,0
ENSMUSG00000030043,1,0,0,1,0,0,0
ENSMUSG00000019889,1,0,0,1,0,0,0
ENSMUSG00000005640,1,0,0,0,0,1,0
ENSMUSG00000037568,1,0,0,1,0,0,0
ENSMUSG00000056004,1,0,0,0,0,1,0
ENSMUSG00000068874,1,0,1,0,0,0,0
ENSMUSG00000037852,1,0,0,1,0,0,0
ENSMUSG00000032911,1,0,0,1,0,0,0
ENSMUSG00000015981,1,0,0,1,0,0,0
ENSMUSG00000057457,1,0,0,1,0,0,0
ENSMUSG00000034839,1,0,0,1,0,0,0
ENSMUSG00000028645,1,0,1,0,0,0,0
ENSMUSG00000091649,1,0,0,1,0,0,0
ENSMUSG00000019970,1,0,1,0,0,0,0
ENSMUSG00000029843,1,0,0,0,0,1,0
ENSMUSG00000027834,1,0,1,0,0,0,0
ENSMUSG00000023274,1,0,0,0,0,1,0
ENSMUSG00000016382,1,0,0,1,0,0,0
ENSMUSG00000052221,1,0,1,0,0,0,0
ENSMUSG00000017868,1,0,0,1,0,0,0
ENSMUSG00000029371,1,0,0,0,1,0,0
ENSMUSG00000110123,1,0,0,0,0,1,0
ENSMUSG00000053046,1,0,0,0,0,1,0
ENSMUSG00000032194,1,0,0,1,0,0,0
ENSMUSG00000023175,1,0,1,0,0,0,0
ENSMUSG00000091993,1,0,0,1,0,0,0
ENSMUSG00000053613,1,0,0,1,0,0,0
ENSMUSG00000025089,1,0,0,0,1,0,0
ENSMUSG00000090122,1,0,0,0,0,1,0
ENSMUSG00000027849,1,0,0,1,0,0,0
ENSMUSG00000054435,1,0,0,1,0,0,0
ENSMUSG00000032079,1,0,0,1,0,0,0
ENSMUSG00000111293,1,0,0,1,0,0,0
ENSMUSG00000016763,1,0,0,0,1,0,0
ENSMUSG00000048574,1,0,0,0,1,0,0
ENSMUSG00000070345,1,0,0,0,0,1,0
ENSMUSG00000003355,1,0,0,1,0,0,0
ENSMUSG00000031517,1,0,0,1,0,0,0
ENSMUSG00000044287,1,0,0,0,0,1,0
ENSMUSG00000061808,1,0,0,0,0,0,1
ENSMUSG00000038668,1,0,0,1,0,0,0
ENSMUSG00000076672,1,0,0,0,1,0,0
ENSMUSG00000026828,1,0,0,1,0,0,0
ENSMUSG00000051367,1,0,0,1,0,0,0
ENSMUSG00000038119,1,0,0,1,0,0,0
ENSMUSG00000058183,1,0,0,0,1,0,0
ENSMUSG00000032064,1,0,0,1,0,0,0
ENSMUSG00000032323,1,0,0,0,1,0,0
ENSMUSG00000041734,1,0,0,1,0,0,0
ENSMUSG00000104962,1,0,0,0,1,0,0
ENSMUSG00000050730,1,0,0,1,0,0,0
ENSMUSG00000033705,1,0,1,0,0,0,0
ENSMUSG00000039601,1,0,0,1,0,0,0
ENSMUSG00000020325,1,0,1,0,0,0,0
ENSMUSG00000031224,1,0,0,0,1,0,0
ENSMUSG00000033966,1,0,0,0,0,1,0
ENSMUSG00000048521,1,0,0,1,0,0,0
ENSMUSG00000005763,1,0,0,1,0,0,0
ENSMUSG00000019539,1,0,0,1,0,0,0
ENSMUSG00000047415,1,0,0,1,0,0,0
ENSMUSG00000031734,1,0,0,1,0,0,0
ENSMUSG00000066224,1,0,0,0,0,1,0
ENSMUSG00000020282,1,0,0,1,0,0,0
ENSMUSG00000086025,1,0,0,0,0,1,0
ENSMUSG00000074934,1,0,0,1,0,0,0
ENSMUSG00000038143,1,0,0,1,0,0,0
ENSMUSG00000054196,1,0,0,1,0,0,0
ENSMUSG00000029648,1,0,1,0,0,0,0
ENSMUSG00000027661,1,0,0,1,0,0,0
ENSMUSG00000010660,1,0,0,1,0,0,0
ENSMUSG00000021756,1,0,0,0,1,0,0
ENSMUSG00000076621,1,0,0,1,0,0,0
ENSMUSG00000024302,1,0,0,1,0,0,0
ENSMUSG00000031853,1,0,0,1,0,0,0
ENSMUSG00000042041,1,0,1,0,0,0,0
ENSMUSG00000022231,1,0,0,1,0,0,0
ENSMUSG00000022483,1,0,0,1,0,0,0
ENSMUSG00000027015,1,0,0,1,0,0,0
ENSMUSG00000015568,1,0,0,1,0,0,0
ENSMUSG00000036832,1,0,0,1,0,0,0
ENSMUSG00000046711,1,0,0,0,0,1,0
ENSMUSG00000076552,1,0,0,0,1,0,0
ENSMUSG00000076541,1,0,0,0,1,0,0
ENSMUSG00000031375,1,0,0,1,0,0,0
ENSMUSG00000033208,1,0,0,1,0,0,0
ENSMUSG00000093402,1,0,1,0,0,0,0
ENSMUSG00000031169,1,0,0,1,0,0,0
ENSMUSG00000028369,1,0,0,1,0,0,0
ENSMUSG00000023795,1,0,0,0,0,1,0
ENSMUSG00000052485,1,0,1,0,0,0,0
ENSMUSG00000006522,1,0,0,0,1,0,0
ENSMUSG00000068457,1,0,0,0,0,0,1
ENSMUSG00000046182,1,0,0,1,0,0,0
ENSMUSG00000041577,1,0,0,1,0,0,0
ENSMUSG00000085154,1,0,0,0,1,0,0
ENSMUSG00000026535,1,0,0,0,0,1,0
ENSMUSG00000061603,1,0,0,1,0,0,0
ENSMUSG00000036896,1,0,0,1,0,0,0
ENSMUSG00000029306,1,0,0,1,0,0,0
ENSMUSG00000026207,1,0,0,1,0,0,0
ENSMUSG00000099413,1,0,0,1,0,0,0
ENSMUSG00000026301,1,0,0,0,0,1,0
ENSMUSG00000063142,1,0,0,1,0,0,0
ENSMUSG00000104063,1,0,0,0,1,0,0
ENSMUSG00000059173,1,0,0,1,0,0,0
ENSMUSG00000034764,1,0,0,1,0,0,0
ENSMUSG00000078672,1,0,1,0,0,0,0
ENSMUSG00000058258,1,0,0,0,1,0,0
ENSMUSG00000030084,1,0,0,1,0,0,0
ENSMUSG00000106577,1,0,1,0,0,0,0
ENSMUSG00000021904,1,0,0,0,1,0,0
ENSMUSG00000074377,1,0,0,0,0,1,0
ENSMUSG00000003352,1,0,0,1,0,0,0
ENSMUSG00000061353,1,0,0,1,0,0,0
ENSMUSG00000017756,1,0,0,1,0,0,0
ENSMUSG00000028071,1,0,0,1,0,0,0
ENSMUSG00000033837,1,0,0,1,0,0,0
ENSMUSG00000028268,1,0,1,0,0,0,0
ENSMUSG00000030222,1,0,0,1,0,0,0
ENSMUSG00000001119,1,0,0,1,0,0,0
ENSMUSG00000022150,1,0,0,1,0,0,0
ENSMUSG00000001508,1,0,0,1,0,0,0
ENSMUSG00000026348,1,0,1,0,0,0,0
ENSMUSG00000044976,1,0,0,1,0,0,0
ENSMUSG00000020092,1,0,0,1,0,0,0
ENSMUSG00000073608,1,0,0,0,0,0,1
ENSMUSG00000028039,1,0,1,0,0,0,0
ENSMUSG00000075324,1,0,0,1,0,0,0
ENSMUSG00000024678,1,0,1,0,0,0,0
ENSMUSG00000104453,1,0,0,1,0,0,0
ENSMUSG00000056418,1,0,0,1,0,0,0
ENSMUSG00000108207,1,0,0,1,0,0,0
ENSMUSG00000017667,1,0,0,1,0,0,0
ENSMUSG00000108307,1,0,0,0,0,1,0
ENSMUSG00000048031,1,0,0,1,0,0,0
ENSMUSG00000024798,1,0,0,1,0,0,0
ENSMUSG00000034460,1,0,0,1,0,0,0
ENSMUSG00000046807,1,0,0,1,0,0,0
ENSMUSG00000032470,1,0,0,1,0,0,0
ENSMUSG00000022203,1,0,0,1,0,0,0
ENSMUSG00000049892,1,0,1,0,0,0,0
ENSMUSG00000029361,1,0,0,0,1,0,0
ENSMUSG00000108113,1,0,0,0,0,1,0
ENSMUSG00000073158,1,0,0,1,0,0,0
ENSMUSG00000027803,1,0,0,1,0,0,0
ENSMUSG00000103749,1,0,0,1,0,0,0
ENSMUSG00000038168,1,0,0,0,1,0,0
ENSMUSG00000076539,1,0,0,0,1,0,0
ENSMUSG00000047959,1,0,0,1,0,0,0
ENSMUSG00000032418,1,0,0,1,0,0,0
ENSMUSG00000041559,1,0,0,1,0,0,0
ENSMUSG00000020893,1,0,1,0,0,0,0
ENSMUSG00000085953,1,0,0,0,0,1,0
ENSMUSG00000071552,1,0,0,1,0,0,0
ENSMUSG00000094335,1,0,0,1,0,0,0
ENSMUSG00000097439,1,0,1,0,0,0,0
ENSMUSG00000095866,1,0,0,0,1,0,0
ENSMUSG00000046167,1,0,1,0,0,0,0
ENSMUSG00000007908,1,0,0,1,0,0,0
ENSMUSG00000040498,1,0,0,1,0,0,0
ENSMUSG00000029166,1,0,0,1,0,0,0
ENSMUSG00000060807,1,0,0,0,0,0,1
ENSMUSG00000090165,1,0,0,0,0,0,1
ENSMUSG00000036960,1,0,0,0,1,0,0
ENSMUSG00000039106,1,0,0,0,0,1,0
ENSMUSG00000021908,1,0,1,0,0,0,0
ENSMUSG00000022261,1,0,0,1,0,0,0
ENSMUSG00000069919,1,0,0,0,0,1,0
ENSMUSG00000042793,1,0,0,1,0,0,0
ENSMUSG00000058488,1,0,0,0,0,1,0
ENSMUSG00000090389,1,0,0,1,0,0,0
ENSMUSG00000020312,1,0,0,1,0,0,0
ENSMUSG00000019326,1,0,0,1,0,0,0
ENSMUSG00000074758,1,0,0,0,0,1,0
ENSMUSG00000042109,1,0,0,1,0,0,0
ENSMUSG00000015966,1,0,1,0,0,0,0
ENSMUSG00000050822,1,0,0,1,0,0,0
ENSMUSG00000031538,1,0,0,0,1,0,0
ENSMUSG00000022665,1,0,0,1,0,0,0
ENSMUSG00000097125,1,0,0,0,1,0,0
ENSMUSG00000022816,1,0,0,1,0,0,0
ENSMUSG00000102692,1,0,0,0,1,0,0
ENSMUSG00000043079,1,0,0,1,0,0,0
ENSMUSG00000030732,1,0,0,0,1,0,0
ENSMUSG00000079629,1,0,0,0,0,1,0
ENSMUSG00000079593,1,0,0,1,0,0,0
ENSMUSG00000052133,1,0,0,0,1,0,0
ENSMUSG00000073530,1,1,0,0,0,0,0
ENSMUSG00000019122,1,0,0,0,0,1,0
ENSMUSG00000026841,1,0,0,1,0,0,0
ENSMUSG00000037712,1,0,0,1,0,0,0
ENSMUSG00000035394,1,0,0,0,0,1,0
ENSMUSG00000070661,1,0,1,0,0,0,0
ENSMUSG00000004473,1,0,0,1,0,0,0
ENSMUSG00000048388,1,0,0,1,0,0,0
ENSMUSG00000110586,1,0,0,1,0,0,0
ENSMUSG00000013076,1,0,0,1,0,0,0
ENSMUSG00000040808,1,0,1,0,0,0,0
ENSMUSG00000062098,1,0,0,0,1,0,0
ENSMUSG00000056032,1,0,0,0,0,1,0
ENSMUSG00000074796,1,0,0,1,0,0,0
ENSMUSG00000101211,1,0,1,0,0,0,0
ENSMUSG00000044156,1,0,0,1,0,0,0
ENSMUSG00000072553,1,0,0,1,0,0,0
ENSMUSG00000022226,1,0,0,0,1,0,0
ENSMUSG00000030651,1,0,0,1,0,0,0
ENSMUSG00000085213,1,0,1,0,0,0,0
ENSMUSG00000082424,1,0,1,0,0,0,0
ENSMUSG00000090919,1,0,0,1,0,0,0
ENSMUSG00000110195,1,0,0,1,0,0,0
ENSMUSG00000101711,1,0,0,0,1,0,0
ENSMUSG00000024304,1,0,0,1,0,0,0
ENSMUSG00000083282,1,0,0,0,1,0,0
ENSMUSG00000073680,1,0,0,0,1,0,0
ENSMUSG00000028037,1,0,0,0,0,1,0
ENSMUSG00000095909,1,0,0,0,0,1,0
ENSMUSG00000019966,1,0,0,1,0,0,0
ENSMUSG00000019779,1,0,0,1,0,0,0
ENSMUSG00000063727,1,0,0,1,0,0,0
ENSMUSG00000026333,1,0,0,0,0,1,0
ENSMUSG00000069049,1,0,0,0,0,0,1
ENSMUSG00000063568,1,0,0,0,1,0,0
ENSMUSG00000030946,1,0,1,0,0,0,0
ENSMUSG00000018672,1,0,0,1,0,0,0
ENSMUSG00000098156,1,0,1,0,0,0,0
ENSMUSG00000023289,1,0,0,0,0,1,0
ENSMUSG00000086652,1,0,0,1,0,0,0
ENSMUSG00000097039,1,0,1,0,0,0,0
ENSMUSG00000035239,1,0,1,0,0,0,0
ENSMUSG00000060961,1,0,1,0,0,0,0
ENSMUSG00000068696,1,0,0,0,1,0,0
ENSMUSG00000021464,1,0,0,1,0,0,0
ENSMUSG00000047419,1,0,0,1,0,0,0
ENSMUSG00000028597,1,0,0,1,0,0,0
ENSMUSG00000039004,1,1,0,0,0,0,0
ENSMUSG00000026365,1,0,0,1,0,0,0
ENSMUSG00000032419,1,0,0,1,0,0,0
ENSMUSG00000090399,1,0,0,1,0,0,0
ENSMUSG00000020641,1,0,0,0,0,1,0
ENSMUSG00000091402,1,0,0,1,0,0,0
ENSMUSG00000108320,1,0,0,0,1,0,0
ENSMUSG00000044647,1,0,0,1,0,0,0
ENSMUSG00000069893,1,1,0,0,0,0,0
ENSMUSG00000094525,1,0,0,1,0,0,0
ENSMUSG00000030865,1,0,0,1,0,0,0
ENSMUSG00000022464,1,0,0,1,0,0,0
ENSMUSG00000021294,1,0,0,1,0,0,0
ENSMUSG00000045377,1,0,0,1,0,0,0
ENSMUSG00000018932,1,0,0,0,1,0,0
ENSMUSG00000101389,1,0,0,0,0,1,0
ENSMUSG00000019944,1,0,0,1,0,0,0
ENSMUSG00000027868,1,0,0,1,0,0,0
ENSMUSG00000074489,1,0,0,0,0,1,0
ENSMUSG00000103677,1,0,0,1,0,0,0
ENSMUSG00000042195,1,0,0,1,0,0,0
ENSMUSG00000021379,1,0,0,1,0,0,0
ENSMUSG00000067261,1,0,0,1,0,0,0
ENSMUSG00000054594,1,0,0,1,0,0,0
ENSMUSG00000053395,1,0,0,1,0,0,0
ENSMUSG00000047414,1,0,0,1,0,0,0
ENSMUSG00000036469,1,0,1,0,0,0,0
ENSMUSG00000032220,1,0,0,1,0,0,0
ENSMUSG00000096638,1,0,0,1,0,0,0
ENSMUSG00000020044,1,0,1,0,0,0,0
ENSMUSG00000036856,1,0,0,0,1,0,0
ENSMUSG00000063564,1,0,0,0,1,0,0
ENSMUSG00000074874,1,0,1,0,0,0,0
ENSMUSG00000034690,1,0,0,0,0,1,0
ENSMUSG00000105167,1,0,0,1,0,0,0
ENSMUSG00000058542,1,0,0,1,0,0,0
ENSMUSG00000001930,1,0,1,0,0,0,0
ENSMUSG00000033792,1,0,1,0,0,0,0
ENSMUSG00000030737,1,0,0,1,0,0,0
ENSMUSG00000021506,1,0,0,1,0,0,0
ENSMUSG00000020108,1,0,1,0,0,0,0
ENSMUSG00000047878,1,0,0,1,0,0,0
ENSMUSG00000071176,1,0,0,1,0,0,0
ENSMUSG00000058147,1,0,0,0,0,1,0
ENSMUSG00000096701,1,0,0,0,0,1,0
ENSMUSG00000055594,1,0,0,0,0,1,0
ENSMUSG00000107819,1,0,0,0,0,1,0
ENSMUSG00000046449,1,0,1,0,0,0,0
ENSMUSG00000000266,1,0,0,1,0,0,0
ENSMUSG00000019124,1,0,0,1,0,0,0
ENSMUSG00000070501,1,0,0,1,0,0,0
ENSMUSG00000041624,1,0,0,0,1,0,0
ENSMUSG00000081522,1,0,0,0,0,1,0
ENSMUSG00000030077,1,0,0,1,0,0,0
ENSMUSG00000029380,1,0,0,0,1,0,0
ENSMUSG00000036570,1,0,0,1,0,0,0
ENSMUSG00000040483,1,0,0,0,0,1,0
ENSMUSG00000020262,1,0,0,1,0,0,0
ENSMUSG00000030247,1,0,0,0,1,0,0
ENSMUSG00000041889,1,0,0,1,0,0,0
ENSMUSG00000044378,1,0,0,0,0,1,0
ENSMUSG00000072963,1,0,1,0,0,0,0
ENSMUSG00000060509,1,0,0,1,0,0,0
ENSMUSG00000030516,1,0,0,1,0,0,0
ENSMUSG00000057137,1,0,1,0,0,0,0
ENSMUSG00000039911,1,0,0,1,0,0,0
ENSMUSG00000020354,1,0,0,1,0,0,0
ENSMUSG00000035735,1,0,0,1,0,0,0
ENSMUSG00000021991,1,0,0,1,0,0,0
ENSMUSG00000100183,1,0,0,0,1,0,0
ENSMUSG00000050751,1,0,0,1,0,0,0
ENSMUSG00000052117,1,0,0,1,0,0,0
ENSMUSG00000039084,1,0,0,1,0,0,0
ENSMUSG00000055485,1,1,0,0,0,0,0
ENSMUSG00000050558,1,0,0,0,1,0,0
ENSMUSG00000028339,1,0,0,1,0,0,0
ENSMUSG00000087050,1,0,0,0,1,0,0
ENSMUSG00000054074,1,0,0,1,0,0,0
ENSMUSG00000076646,1,0,0,1,0,0,0
ENSMUSG00000050052,1,0,0,1,0,0,0
ENSMUSG00000027488,1,0,0,1,0,0,0
ENSMUSG00000044548,1,0,0,1,0,0,0
ENSMUSG00000005667,1,0,0,0,1,0,0
ENSMUSG00000039278,1,0,0,0,0,1,0
ENSMUSG00000021940,1,0,0,0,0,1,0
ENSMUSG00000030255,1,0,0,1,0,0,0
ENSMUSG00000033717,1,0,1,0,0,0,0
ENSMUSG00000032500,1,0,0,1,0,0,0
ENSMUSG00000096931,1,0,0,1,0,0,0
ENSMUSG00000076928,1,0,0,1,0,0,0
ENSMUSG00000027536,1,0,0,1,0,0,0
ENSMUSG00000001555,1,0,0,1,0,0,0
ENSMUSG00000108782,1,0,0,0,0,1,0
ENSMUSG00000103560,1,0,0,0,1,0,0
ENSMUSG00000030934,1,0,1,0,0,0,0
ENSMUSG00000022607,1,0,0,1,0,0,0
ENSMUSG00000083836,1,0,1,0,0,0,0
ENSMUSG00000037892,1,0,0,1,0,0,0
ENSMUSG00000050248,1,0,0,1,0,0,0
ENSMUSG00000041449,1,0,1,0,0,0,0
ENSMUSG00000075590,1,0,0,1,0,0,0
ENSMUSG00000060924,1,0,0,1,0,0,0
ENSMUSG00000045087,1,0,1,0,0,0,0
ENSMUSG00000028402,1,0,0,1,0,0,0
ENSMUSG00000020676,1,0,0,0,1,0,0
ENSMUSG00000075010,1,0,0,1,0,0,0
ENSMUSG00000003555,1,0,1,0,0,0,0
ENSMUSG00000039653,1,0,1,0,0,0,0
ENSMUSG00000042439,1,0,0,1,0,0,0
ENSMUSG00000031840,1,0,0,0,0,1,0
ENSMUSG00000068748,1,0,0,1,0,0,0
ENSMUSG00000036617,1,0,0,1,0,0,0
ENSMUSG00000054263,1,0,0,1,0,0,0
ENSMUSG00000055541,1,0,1,0,0,0,0
ENSMUSG00000076598,1,0,0,1,0,0,0
ENSMUSG00000028763,1,0,0,1,0,0,0
ENSMUSG00000061462,1,0,1,0,0,0,0
ENSMUSG00000048612,1,0,0,1,0,0,0
ENSMUSG00000099703,1,0,0,0,1,0,0
ENSMUSG00000028262,1,0,0,0,0,1,0
ENSMUSG00000085403,1,0,0,0,1,0,0
ENSMUSG00000024014,1,0,0,0,1,0,0
ENSMUSG00000086907,1,0,0,0,0,1,0
ENSMUSG00000046714,1,0,0,1,0,0,0
ENSMUSG00000018459,1,0,0,0,1,0,0
ENSMUSG00000036596,1,0,0,1,0,0,0
ENSMUSG00000028602,1,0,0,0,0,1,0
ENSMUSG00000049804,1,0,1,0,0,0,0
ENSMUSG00000053863,1,0,0,1,0,0,0
ENSMUSG00000037849,1,0,0,1,0,0,0
ENSMUSG00000095704,1,0,0,1,0,0,0
ENSMUSG00000027670,1,0,0,1,0,0,0
ENSMUSG00000026950,1,0,0,1,0,0,0
ENSMUSG00000022015,1,0,0,1,0,0,0
ENSMUSG00000079022,1,0,0,1,0,0,0
ENSMUSG00000033060,1,0,0,1,0,0,0
ENSMUSG00000076498,1,0,0,1,0,0,0
ENSMUSG00000032661,1,0,0,0,0,1,0
ENSMUSG00000035184,1,0,0,1,0,0,0
ENSMUSG00000025265,1,0,0,1,0,0,0
ENSMUSG00000005474,1,0,0,1,0,0,0
ENSMUSG00000079657,1,0,0,1,0,0,0
ENSMUSG00000047517,1,0,0,0,0,1,0
ENSMUSG00000063455,1,0,0,1,0,0,0
ENSMUSG00000095180,1,0,1,0,0,0,0
ENSMUSG00000001802,1,0,0,1,0,0,0
ENSMUSG00000028654,1,0,0,1,0,0,0
ENSMUSG00000033788,1,0,0,1,0,0,0
ENSMUSG00000022421,1,0,0,1,0,0,0
ENSMUSG00000079357,1,0,0,0,0,1,0
ENSMUSG00000003541,1,0,1,0,0,0,0
ENSMUSG00000057722,1,0,0,1,0,0,0
ENSMUSG00000026249,1,0,0,1,0,0,0
ENSMUSG00000005540,1,0,0,1,0,0,0
ENSMUSG00000031383,1,0,0,0,0,1,0
ENSMUSG00000016128,1,0,0,1,0,0,0
ENSMUSG00000019787,1,0,0,1,0,0,0
ENSMUSG00000050069,1,0,1,0,0,0,0
ENSMUSG00000031639,1,0,0,1,0,0,0
ENSMUSG00000029161,1,0,0,1,0,0,0
ENSMUSG00000071567,1,0,0,1,0,0,0
ENSMUSG00000000031,1,1,0,0,0,0,0
ENSMUSG00000031595,1,0,0,1,0,0,0
ENSMUSG00000044703,1,0,0,1,0,0,0
ENSMUSG00000076471,1,0,0,1,0,0,0
ENSMUSG00000052125,1,0,1,0,0,0,0
ENSMUSG00000019894,1,0,0,1,0,0,0
ENSMUSG00000051920,1,0,0,1,0,0,0
ENSMUSG00000032318,1,0,0,0,0,1,0
ENSMUSG00000070044,1,0,0,1,0,0,0
ENSMUSG00000046743,1,0,0,1,0,0,0
ENSMUSG00000108841,1,0,0,0,0,1,0
ENSMUSG00000007379,1,0,0,0,1,0,0
ENSMUSG00000023191,1,0,0,1,0,0,0
ENSMUSG00000023411,1,0,0,1,0,0,0
ENSMUSG00000021604,1,0,0,0,1,0,0
ENSMUSG00000000730,1,0,0,0,1,0,0
ENSMUSG00000053367,1,0,0,0,0,1,0
ENSMUSG00000035504,1,0,0,0,1,0,0
ENSMUSG00000032417,1,0,0,0,0,1,0
ENSMUSG00000030695,1,0,1,0,0,0,0
ENSMUSG00000074486,1,0,0,1,0,0,0
ENSMUSG00000027994,1,0,0,0,1,0,0
ENSMUSG00000097187,1,0,0,1,0,0,0
ENSMUSG00000031737,1,0,0,1,0,0,0
ENSMUSG00000044017,1,0,0,1,0,0,0
ENSMUSG00000038296,1,0,0,1,0,0,0
ENSMUSG00000029727,1,0,1,0,0,0,0
ENSMUSG00000026413,1,0,0,0,1,0,0
ENSMUSG00000049152,1,0,0,0,0,0,1
ENSMUSG00000021061,1,1,0,0,0,0,0
ENSMUSG00000031673,1,0,0,1,0,0,0
ENSMUSG00000096606,1,0,0,1,0,0,0
ENSMUSG00000013846,1,0,1,0,0,0,0
ENSMUSG00000001227,1,0,1,0,0,0,0
ENSMUSG00000030428,1,0,1,0,0,0,0
ENSMUSG00000016624,1,0,0,1,0,0,0
ENSMUSG00000057135,1,0,0,1,0,0,0
ENSMUSG00000027978,1,0,0,1,0,0,0
ENSMUSG00000022508,1,0,1,0,0,0,0
ENSMUSG00000022610,1,0,0,1,0,0,0
ENSMUSG00000024501,1,0,0,1,0,0,0
ENSMUSG00000087272,1,0,0,1,0,0,0
ENSMUSG00000032540,1,0,0,0,1,0,0
ENSMUSG00000059743,1,0,0,0,1,0,0
ENSMUSG00000089809,1,0,1,0,0,0,0
ENSMUSG00000017400,1,0,0,1,0,0,0
ENSMUSG00000052516,1,0,0,1,0,0,0
ENSMUSG00000036412,1,0,0,0,1,0,0
ENSMUSG00000024598,1,0,0,1,0,0,0
ENSMUSG00000028259,1,0,0,0,1,0,0
ENSMUSG00000032725,1,0,0,1,0,0,0
ENSMUSG00000019312,1,0,0,1,0,0,0
ENSMUSG00000042254,1,0,0,1,0,0,0
ENSMUSG00000023467,1,0,0,0,1,0,0
ENSMUSG00000082676,1,0,1,0,0,0,0
ENSMUSG00000019890,1,0,0,1,0,0,0
ENSMUSG00000071862,1,0,0,1,0,0,0
ENSMUSG00000039209,1,0,0,1,0,0,0
ENSMUSG00000054385,1,0,0,0,0,1,0
ENSMUSG00000046203,1,0,0,0,0,0,1
ENSMUSG00000094028,1,0,0,1,0,0,0
ENSMUSG00000096108,1,0,0,1,0,0,0
ENSMUSG00000051503,1,0,0,1,0,0,0
ENSMUSG00000028024,1,0,0,1,0,0,0
ENSMUSG00000075555,1,0,0,1,0,0,0
ENSMUSG00000026837,1,0,0,1,0,0,0
ENSMUSG00000043164,1,0,1,0,0,0,0
ENSMUSG00000111312,1,0,0,1,0,0,0
ENSMUSG00000022441,1,0,0,0,1,0,0
ENSMUSG00000018862,1,0,0,0,0,1,0
ENSMUSG00000020598,1,0,0,1,0,0,0
ENSMUSG00000021239,1,0,0,0,0,1,0
ENSMUSG00000050445,1,0,0,1,0,0,0
ENSMUSG00000024672,1,0,0,1,0,0,0
ENSMUSG00000049791,1,0,0,0,1,0,0
ENSMUSG00000035168,1,0,0,1,0,0,0
ENSMUSG00000039521,1,0,0,1,0,0,0
ENSMUSG00000049571,1,0,0,1,0,0,0
ENSMUSG00000032850,1,0,0,1,0,0,0
ENSMUSG00000057716,1,0,0,0,0,1,0
ENSMUSG00000039835,1,0,0,1,0,0,0
ENSMUSG00000024713,1,0,0,1,0,0,0
ENSMUSG00000028713,1,0,0,0,1,0,0
ENSMUSG00000001670,1,0,0,1,0,0,0
ENSMUSG00000030137,1,0,1,0,0,0,0
ENSMUSG00000041351,1,0,0,1,0,0,0
ENSMUSG00000035105,1,0,1,0,0,0,0
ENSMUSG00000075027,1,0,1,0,0,0,0
ENSMUSG00000110386,1,0,0,0,1,0,0
ENSMUSG00000103383,1,0,0,0,0,1,0
ENSMUSG00000049521,1,0,0,1,0,0,0
ENSMUSG00000030895,1,0,1,0,0,0,0
ENSMUSG00000032093,1,0,0,1,0,0,0
ENSMUSG00000036298,1,0,0,1,0,0,0
ENSMUSG00000022763,1,0,0,0,0,1,0
ENSMUSG00000030020,1,0,0,0,1,0,0
ENSMUSG00000103472,1,0,0,1,0,0,0
ENSMUSG00000025496,1,0,0,1,0,0,0
ENSMUSG00000048706,1,0,0,1,0,0,0
ENSMUSG00000029755,1,0,0,1,0,0,0
ENSMUSG00000003070,1,0,0,1,0,0,0
ENSMUSG00000041794,1,0,0,1,0,0,0
ENSMUSG00000045232,1,0,0,1,0,0,0
ENSMUSG00000030074,1,0,0,1,0,0,0
ENSMUSG00000097372,1,0,0,0,1,0,0
ENSMUSG00000024029,1,0,1,0,0,0,0
ENSMUSG00000091411,1,0,0,0,0,1,0
ENSMUSG00000108118,1,0,0,0,1,0,0
ENSMUSG00000028996,1,0,0,1,0,0,0
ENSMUSG00000063659,1,0,1,0,0,0,0
ENSMUSG00000076633,1,0,0,1,0,0,0
ENSMUSG00000029778,1,0,0,1,0,0,0
ENSMUSG00000061769,1,0,0,1,0,0,0
ENSMUSG00000022199,1,0,0,1,0,0,0
ENSMUSG00000095335,1,0,0,1,0,0,0
ENSMUSG00000021680,1,0,0,1,0,0,0
ENSMUSG00000040046,1,0,0,0,1,0,0
ENSMUSG00000056978,1,0,1,0,0,0,0
ENSMUSG00000054976,1,0,0,1,0,0,0
ENSMUSG00000038128,1,0,0,1,0,0,0
ENSMUSG00000031906,1,0,0,1,0,0,0
ENSMUSG00000082016,1,0,1,0,0,0,0
ENSMUSG00000003273,1,0,0,0,1,0,0
ENSMUSG00000026825,1,0,0,1,0,0,0
ENSMUSG00000033287,1,0,0,1,0,0,0
ENSMUSG00000078247,1,0,0,1,0,0,0
ENSMUSG00000036103,1,0,0,1,0,0,0
ENSMUSG00000001270,1,0,0,1,0,0,0
ENSMUSG00000076476,1,0,0,1,0,0,0
ENSMUSG00000083518,1,0,0,0,0,1,0
ENSMUSG00000040003,1,0,0,1,0,0,0
ENSMUSG00000015401,1,0,0,0,1,0,0
ENSMUSG00000087129,1,0,0,0,1,0,0
ENSMUSG00000070732,1,0,0,1,0,0,0
ENSMUSG00000061576,1,0,0,1,0,0,0
ENSMUSG00000008153,1,0,1,0,0,0,0
ENSMUSG00000031637,1,0,1,0,0,0,0
ENSMUSG00000076490,1,0,0,1,0,0,0
ENSMUSG00000032584,1,0,0,1,0,0,0
ENSMUSG00000032118,1,0,1,0,0,0,0
ENSMUSG00000086043,1,1,0,0,0,0,0
ENSMUSG00000020181,1,0,0,1,0,0,0
ENSMUSG00000055320,1,0,0,1,0,0,0
ENSMUSG00000024940,1,0,0,1,0,0,0
ENSMUSG00000048332,1,0,0,1,0,0,0
ENSMUSG00000034684,1,0,0,0,1,0,0
ENSMUSG00000045441,1,0,0,0,1,0,0
ENSMUSG00000066361,1,0,0,0,1,0,0
ENSMUSG00000049555,1,0,0,1,0,0,0
ENSMUSG00000071847,1,0,0,0,1,0,0
ENSMUSG00000048967,1,0,0,0,0,1,0
ENSMUSG00000020865,1,0,1,0,0,0,0
ENSMUSG00000021536,1,0,0,1,0,0,0
ENSMUSG00000036957,1,0,0,1,0,0,0
ENSMUSG00000050014,1,0,0,1,0,0,0
ENSMUSG00000074483,1,0,0,1,0,0,0
ENSMUSG00000031616,1,0,0,0,1,0,0
ENSMUSG00000049556,1,0,0,0,1,0,0
ENSMUSG00000059851,1,0,0,0,1,0,0
ENSMUSG00000041272,1,0,0,1,0,0,0
ENSMUSG00000041730,1,0,0,0,1,0,0
ENSMUSG00000037784,1,0,0,1,0,0,0
ENSMUSG00000106776,1,0,0,1,0,0,0
ENSMUSG00000054161,1,0,0,0,1,0,0
ENSMUSG00000005220,1,0,0,0,0,1,0
ENSMUSG00000044667,1,0,0,1,0,0,0
ENSMUSG00000039607,1,0,0,1,0,0,0
ENSMUSG00000110537,1,0,0,0,1,0,0
ENSMUSG00000001827,1,0,0,0,1,0,0
ENSMUSG00000038295,1,0,0,0,1,0,0
ENSMUSG00000030306,1,0,0,1,0,0,0
ENSMUSG00000072720,1,0,0,0,1,0,0
ENSMUSG00000037202,1,0,0,1,0,0,0
ENSMUSG00000086165,1,0,1,0,0,0,0
ENSMUSG00000074280,1,0,0,0,1,0,0
ENSMUSG00000040533,1,0,0,0,0,1,0
ENSMUSG00000021367,1,0,1,0,0,0,0
ENSMUSG00000098322,1,0,0,1,0,0,0
ENSMUSG00000101387,1,0,0,0,0,1,0
ENSMUSG00000030165,1,0,0,1,0,0,0
ENSMUSG00000040650,1,0,0,0,0,1,0
ENSMUSG00000095583,1,0,0,0,1,0,0
ENSMUSG00000041120,1,0,0,1,0,0,0
ENSMUSG00000022098,1,0,0,1,0,0,0
ENSMUSG00000047992,1,0,0,1,0,0,0
ENSMUSG00000032355,1,0,0,1,0,0,0
ENSMUSG00000028036,1,0,0,1,0,0,0
ENSMUSG00000045930,1,0,0,0,1,0,0
ENSMUSG00000006931,1,0,0,1,0,0,0
ENSMUSG00000072594,1,0,1,0,0,0,0
ENSMUSG00000046186,1,0,0,1,0,0,0
ENSMUSG00000011118,1,0,0,1,0,0,0
ENSMUSG00000023915,1,0,0,0,1,0,0
ENSMUSG00000086649,1,0,0,0,0,1,0
ENSMUSG00000040606,1,0,0,1,0,0,0
ENSMUSG00000005947,1,0,0,1,0,0,0
ENSMUSG00000004296,1,0,0,1,0,0,0
ENSMUSG00000035357,1,0,0,0,1,0,0
ENSMUSG00000020805,1,0,0,1,0,0,0
ENSMUSG00000020684,1,0,0,1,0,0,0
ENSMUSG00000022580,1,0,0,1,0,0,0
ENSMUSG00000111282,1,0,1,0,0,0,0
ENSMUSG00000026211,1,0,0,1,0,0,0
ENSMUSG00000030921,1,0,0,0,0,1,0
ENSMUSG00000052861,1,0,1,0,0,0,0
ENSMUSG00000008136,1,0,0,1,0,0,0
ENSMUSG00000035305,1,0,0,0,1,0,0
ENSMUSG00000024173,1,0,0,0,1,0,0
ENSMUSG00000078490,1,0,0,1,0,0,0
ENSMUSG00000086161,1,0,0,0,0,1,0
ENSMUSG00000026582,1,0,1,0,0,0,0
ENSMUSG00000078532,1,0,0,1,0,0,0
ENSMUSG00000006218,1,0,0,1,0,0,0
ENSMUSG00000054057,1,0,0,1,0,0,0
ENSMUSG00000094322,1,0,0,1,0,0,0
ENSMUSG00000019866,1,0,0,0,0,1,0
ENSMUSG00000030228,1,0,0,0,0,1,0
ENSMUSG00000007097,1,0,0,1,0,0,0
ENSMUSG00000085478,1,0,0,0,0,1,0
ENSMUSG00000046191,1,0,0,1,0,0,0
ENSMUSG00000027864,1,0,0,1,0,0,0
ENSMUSG00000083394,1,0,1,0,0,0,0
ENSMUSG00000027966,1,0,0,1,0,0,0
ENSMUSG00000031847,1,0,0,1,0,0,0
ENSMUSG00000058613,1,0,1,0,0,0,0
ENSMUSG00000094694,1,0,0,0,1,0,0
ENSMUSG00000075408,1,0,0,0,1,0,0
ENSMUSG00000022707,1,0,1,0,0,0,0
ENSMUSG00000027656,1,0,0,1,0,0,0
ENSMUSG00000053044,1,0,0,1,0,0,0
ENSMUSG00000042286,1,0,0,1,0,0,0
ENSMUSG00000026586,1,0,0,1,0,0,0
ENSMUSG00000038292,1,0,0,1,0,0,0
ENSMUSG00000049409,1,0,0,0,1,0,0
ENSMUSG00000030409,1,0,0,1,0,0,0
ENSMUSG00000053617,1,0,0,1,0,0,0
ENSMUSG00000035172,1,0,0,1,0,0,0
ENSMUSG00000052371,1,0,0,1,0,0,0
ENSMUSG00000111262,1,0,0,0,0,1,0
ENSMUSG00000047854,1,0,0,0,0,1,0
ENSMUSG00000034918,1,0,0,1,0,0,0
ENSMUSG00000025527,1,0,0,0,0,1,0
ENSMUSG00000074830,1,0,0,0,0,1,0
ENSMUSG00000041372,1,0,0,1,0,0,0
ENSMUSG00000030790,1,0,1,0,0,0,0
ENSMUSG00000071656,1,0,0,1,0,0,0
ENSMUSG00000040950,1,0,0,0,0,0,1
ENSMUSG00000100294,1,0,0,0,0,1,0
ENSMUSG00000032207,1,0,0,1,0,0,0
ENSMUSG00000025738,1,0,0,1,0,0,0
ENSMUSG00000072387,1,0,0,0,1,0,0
ENSMUSG00000031757,1,0,0,0,0,1,0
ENSMUSG00000110033,1,0,0,0,0,1,0
ENSMUSG00000027833,1,0,0,1,0,0,0
ENSMUSG00000020151,1,0,1,0,0,0,0
ENSMUSG00000041556,1,0,0,1,0,0,0
ENSMUSG00000095429,1,0,0,1,0,0,0
ENSMUSG00000024052,1,0,1,0,0,0,0
ENSMUSG00000026620,1,0,0,1,0,0,0
ENSMUSG00000051375,1,0,0,0,1,0,0
ENSMUSG00000055368,1,0,0,1,0,0,0
ENSMUSG00000095700,1,0,0,0,1,0,0
ENSMUSG00000049580,1,0,0,1,0,0,0
ENSMUSG00000041180,1,0,0,1,0,0,0
ENSMUSG00000019987,1,0,0,1,0,0,0
ENSMUSG00000036019,1,0,0,1,0,0,0
ENSMUSG00000024044,1,0,0,1,0,0,0
ENSMUSG00000086455,1,0,0,0,0,1,0
ENSMUSG00000032726,1,0,0,1,0,0,0
ENSMUSG00000022416,1,0,0,1,0,0,0
ENSMUSG00000045275,1,0,0,1,0,0,0
ENSMUSG00000005883,1,0,0,1,0,0,0
ENSMUSG00000029999,1,0,0,1,0,0,0
ENSMUSG00000024538,1,0,0,1,0,0,0
ENSMUSG00000090370,1,0,0,1,0,0,0
ENSMUSG00000041571,1,0,0,1,0,0,0
ENSMUSG00000044807,1,0,0,1,0,0,0
ENSMUSG00000106630,1,0,0,0,1,0,0
ENSMUSG00000025991,1,0,1,0,0,0,0
ENSMUSG00000025402,1,0,0,1,0,0,0
ENSMUSG00000027102,1,0,0,1,0,0,0
ENSMUSG00000047462,1,0,0,1,0,0,0
ENSMUSG00000058620,1,0,0,1,0,0,0
ENSMUSG00000086555,1,0,0,1,0,0,0
ENSMUSG00000048186,1,0,0,1,0,0,0
ENSMUSG00000020654,1,0,0,1,0,0,0
ENSMUSG00000090386,1,0,0,1,0,0,0
ENSMUSG00000030671,1,0,1,0,0,0,0
ENSMUSG00000022126,1,0,1,0,0,0,0
ENSMUSG00000076594,1,0,0,1,0,0,0
ENSMUSG00000029754,1,0,0,1,0,0,0
ENSMUSG00000040473,1,0,1,0,0,0,0
ENSMUSG00000002059,1,0,0,1,0,0,0
ENSMUSG00000064476,1,0,0,0,0,1,0
ENSMUSG00000045294,1,0,0,0,1,0,0
ENSMUSG00000022883,1,0,0,1,0,0,0
ENSMUSG00000042429,1,0,0,0,1,0,0
ENSMUSG00000004814,1,0,0,0,1,0,0
ENSMUSG00000021953,1,0,0,0,0,1,0
ENSMUSG00000063524,1,0,1,0,0,0,0
ENSMUSG00000034295,1,0,0,1,0,0,0
ENSMUSG00000044033,1,0,0,0,1,0,0
ENSMUSG00000068196,1,0,0,0,1,0,0
ENSMUSG00000002771,1,0,0,1,0,0,0
ENSMUSG00000005958,1,0,0,1,0,0,0
ENSMUSG00000028641,1,0,0,1,0,0,0
ENSMUSG00000039238,1,0,0,0,1,0,0
ENSMUSG00000028434,1,0,0,1,0,0,0
ENSMUSG00000040328,1,0,0,1,0,0,0
ENSMUSG00000095771,1,0,0,0,1,0,0
ENSMUSG00000029122,1,0,0,1,0,0,0
ENSMUSG00000081721,1,0,1,0,0,0,0
ENSMUSG00000024210,1,0,0,0,0,1,0
ENSMUSG00000028864,1,0,0,0,1,0,0
ENSMUSG00000036427,1,0,1,0,0,0,0
ENSMUSG00000050345,1,0,0,0,1,0,0
ENSMUSG00000076676,1,0,0,1,0,0,0
ENSMUSG00000033998,1,0,0,1,0,0,0
ENSMUSG00000037686,1,0,0,0,0,1,0
ENSMUSG00000078566,1,0,1,0,0,0,0
ENSMUSG00000033805,1,0,0,1,0,0,0
ENSMUSG00000021081,1,0,0,0,0,0,1
ENSMUSG00000030278,1,0,0,1,0,0,0
ENSMUSG00000087589,1,0,0,1,0,0,0
ENSMUSG00000073234,1,0,0,0,1,0,0
ENSMUSG00000057346,1,0,1,0,0,0,0
ENSMUSG00000004540,1,0,0,0,0,1,0
ENSMUSG00000102758,1,0,0,1,0,0,0
ENSMUSG00000089728,1,0,0,0,1,0,0
ENSMUSG00000025151,1,0,0,1,0,0,0
ENSMUSG00000022468,1,0,0,1,0,0,0
ENSMUSG00000060034,1,0,0,0,0,1,0
ENSMUSG00000037535,1,0,0,1,0,0,0
ENSMUSG00000102432,1,0,1,0,0,0,0
ENSMUSG00000046532,1,0,0,1,0,0,0
ENSMUSG00000033295,1,0,0,0,1,0,0
ENSMUSG00000045838,1,0,0,0,1,0,0
ENSMUSG00000067242,1,0,0,0,1,0,0
ENSMUSG00000052911,1,0,0,1,0,0,0
ENSMUSG00000060284,1,0,0,1,0,0,0
ENSMUSG00000084844,1,0,0,1,0,0,0
ENSMUSG00000071324,1,0,0,0,1,0,0
ENSMUSG00000091971,1,0,0,0,1,0,0
ENSMUSG00000048960,1,0,0,0,1,0,0
ENSMUSG00000074971,1,0,1,0,0,0,0
ENSMUSG00000032769,1,0,0,0,0,1,0
ENSMUSG00000033152,1,0,0,1,0,0,0
ENSMUSG00000076613,1,0,0,1,0,0,0
ENSMUSG00000069607,1,0,0,0,1,0,0
ENSMUSG00000039109,1,0,0,0,0,0,1
ENSMUSG00000046997,1,0,0,1,0,0,0
ENSMUSG00000078651,1,0,1,0,0,0,0
ENSMUSG00000103995,1,0,0,1,0,0,0
ENSMUSG00000041293,1,0,0,1,0,0,0
ENSMUSG00000040229,1,0,0,1,0,0,0
ENSMUSG00000057116,1,0,0,0,0,1,0
ENSMUSG00000013419,1,0,0,1,0,0,0
ENSMUSG00000007653,1,0,0,1,0,0,0
ENSMUSG00000023456,1,0,1,0,0,0,0
ENSMUSG00000098708,1,0,1,0,0,0,0
ENSMUSG00000044681,1,0,0,0,0,1,0
ENSMUSG00000087670,1,0,1,0,0,0,0
ENSMUSG00000076583,1,0,0,1,0,0,0
ENSMUSG00000033249,1,0,0,1,0,0,0
ENSMUSG00000006345,1,0,0,1,0,0,0
ENSMUSG00000053414,1,0,0,1,0,0,0
ENSMUSG00000104528,1,0,1,0,0,0,0
ENSMUSG00000024521,1,0,0,0,0,1,0
ENSMUSG00000108289,1,0,0,1,0,0,0
ENSMUSG00000059921,1,0,0,1,0,0,0
ENSMUSG00000031760,1,0,0,1,0,0,0
ENSMUSG00000104529,1,0,0,0,0,1,0
ENSMUSG00000022094,1,0,0,1,0,0,0
ENSMUSG00000050914,1,0,1,0,0,0,0
ENSMUSG00000110298,1,0,0,0,0,1,0
ENSMUSG00000009075,1,0,0,0,0,0,1
ENSMUSG00000097660,1,0,1,0,0,0,0
ENSMUSG00000021806,1,0,0,0,1,0,0
ENSMUSG00000053825,1,0,0,1,0,0,0
ENSMUSG00000091189,1,0,0,0,0,1,0
ENSMUSG00000069300,1,0,0,0,0,1,0
ENSMUSG00000062553,1,0,0,0,0,1,0
ENSMUSG00000026009,1,0,0,1,0,0,0
ENSMUSG00000040502,1,0,0,1,0,0,0
ENSMUSG00000022197,1,0,0,1,0,0,0
ENSMUSG00000033578,1,0,0,1,0,0,0
ENSMUSG00000030861,1,0,0,0,1,0,0
ENSMUSG00000029641,1,0,0,1,0,0,0
ENSMUSG00000087658,1,0,0,1,0,0,0
ENSMUSG00000037855,1,0,0,1,0,0,0
ENSMUSG00000045287,1,0,0,1,0,0,0
ENSMUSG00000024827,1,0,0,1,0,0,0
ENSMUSG00000027954,1,0,1,0,0,0,0
ENSMUSG00000027322,1,0,0,1,0,0,0
ENSMUSG00000026674,1,0,0,1,0,0,0
ENSMUSG00000005339,1,0,0,0,1,0,0
ENSMUSG00000002266,1,0,1,0,0,0,0
ENSMUSG00000070390,1,0,1,0,0,0,0
ENSMUSG00000047712,1,0,0,1,0,0,0
ENSMUSG00000056290,1,0,0,1,0,0,0
ENSMUSG00000039529,1,0,0,0,1,0,0
ENSMUSG00000024402,1,0,0,1,0,0,0
ENSMUSG00000000392,1,0,0,1,0,0,0
ENSMUSG00000029163,1,0,0,0,1,0,0
ENSMUSG00000038210,1,0,0,1,0,0,0
ENSMUSG00000021678,1,0,0,1,0,0,0
ENSMUSG00000026630,1,0,0,1,0,0,0
ENSMUSG00000028341,1,0,0,1,0,0,0
ENSMUSG00000079105,1,0,0,0,1,0,0
ENSMUSG00000037032,1,0,0,1,0,0,0
ENSMUSG00000036904,1,0,0,1,0,0,0
ENSMUSG00000076463,1,0,0,1,0,0,0
ENSMUSG00000079263,1,0,0,0,0,1,0
ENSMUSG00000030256,1,0,0,0,0,1,0
ENSMUSG00000021097,1,0,0,0,0,1,0
ENSMUSG00000038173,1,0,0,1,0,0,0
ENSMUSG00000063434,1,0,0,0,0,1,0
ENSMUSG00000020635,1,0,1,0,0,0,0
ENSMUSG00000023087,1,0,0,0,1,0,0
ENSMUSG00000073538,1,0,0,0,0,1,0
ENSMUSG00000032281,1,0,0,1,0,0,0
ENSMUSG00000041966,1,0,1,0,0,0,0
ENSMUSG00000056966,1,0,1,0,0,0,0
ENSMUSG00000030329,1,0,0,1,0,0,0
ENSMUSG00000032024,1,0,0,1,0,0,0
ENSMUSG00000037095,1,0,1,0,0,0,0
ENSMUSG00000001521,1,0,0,1,0,0,0
ENSMUSG00000101597,1,0,0,0,0,1,0
ENSMUSG00000002228,1,0,0,1,0,0,0
ENSMUSG00000016918,1,0,0,1,0,0,0
ENSMUSG00000046080,1,0,0,1,0,0,0
ENSMUSG00000054728,1,0,1,0,0,0,0
ENSMUSG00000106031,1,0,0,1,0,0,0
ENSMUSG00000031250,1,0,0,1,0,0,0
ENSMUSG00000030513,1,0,0,1,0,0,0
ENSMUSG00000030638,1,0,0,0,0,1,0
ENSMUSG00000029661,1,0,0,1,0,0,0
ENSMUSG00000030402,1,0,0,1,0,0,0
ENSMUSG00000085840,1,0,0,0,0,1,0
ENSMUSG00000026159,1,0,0,0,1,0,0
ENSMUSG00000021831,1,0,1,0,0,0,0
ENSMUSG00000041193,1,0,0,1,0,0,0
ENSMUSG00000045991,1,0,1,0,0,0,0
ENSMUSG00000102748,1,0,0,1,0,0,0
ENSMUSG00000053110,1,0,0,1,0,0,0
ENSMUSG00000079071,1,0,0,1,0,0,0
ENSMUSG00000030630,1,0,0,1,0,0,0
ENSMUSG00000028358,1,0,0,1,0,0,0
ENSMUSG00000026193,1,0,0,0,1,0,0
ENSMUSG00000084883,1,0,0,0,1,0,0
ENSMUSG00000024059,1,0,0,1,0,0,0
ENSMUSG00000021260,1,0,0,0,1,0,0
ENSMUSG00000033777,1,0,1,0,0,0,0
ENSMUSG00000054793,1,0,0,0,1,0,0
ENSMUSG00000053977,1,0,0,1,0,0,0
ENSMUSG00000027223,1,0,1,0,0,0,0
ENSMUSG00000038997,1,0,0,1,0,0,0
ENSMUSG00000015653,1,0,0,1,0,0,0
ENSMUSG00000076534,1,0,0,1,0,0,0
ENSMUSG00000058624,1,0,0,0,1,0,0
ENSMUSG00000051262,1,0,0,0,1,0,0
ENSMUSG00000022780,1,0,0,0,1,0,0
ENSMUSG00000011752,1,0,1,0,0,0,0
ENSMUSG00000078588,1,0,0,0,0,1,0
ENSMUSG00000038239,1,0,0,1,0,0,0
ENSMUSG00000084616,1,0,0,0,0,1,0
ENSMUSG00000009545,1,0,0,0,1,0,0
ENSMUSG00000084807,1,0,0,0,1,0,0
ENSMUSG00000016200,1,0,0,0,1,0,0
ENSMUSG00000095753,1,0,0,1,0,0,0
ENSMUSG00000000157,1,0,0,0,0,1,0
ENSMUSG00000022257,1,0,0,1,0,0,0
ENSMUSG00000020256,1,0,0,1,0,0,0
ENSMUSG00000055401,1,0,1,0,0,0,0
ENSMUSG00000032373,1,0,0,1,0,0,0
ENSMUSG00000060332,1,0,0,0,0,1,0
ENSMUSG00000033207,1,0,0,1,0,0,0
ENSMUSG00000032515,1,0,1,0,0,0,0
ENSMUSG00000020607,1,0,0,1,0,0,0
ENSMUSG00000104898,1,0,0,0,0,1,0
ENSMUSG00000021565,1,0,0,1,0,0,0
ENSMUSG00000063415,1,0,0,1,0,0,0
ENSMUSG00000089417,1,0,0,0,0,1,0
ENSMUSG00000015709,1,0,0,1,0,0,0
ENSMUSG00000027777,1,0,0,1,0,0,0
ENSMUSG00000043333,1,0,0,1,0,0,0
ENSMUSG00000049241,1,0,0,1,0,0,0
ENSMUSG00000015451,1,0,1,0,0,0,0
ENSMUSG00000026042,1,0,0,1,0,0,0
ENSMUSG00000034161,1,0,0,1,0,0,0
ENSMUSG00000032021,1,0,0,1,0,0,0
ENSMUSG00000069188,1,0,0,0,0,1,0
ENSMUSG00000027221,1,0,0,1,0,0,0
ENSMUSG00000024774,1,0,0,0,0,1,0
ENSMUSG00000028518,1,0,0,1,0,0,0
ENSMUSG00000021062,1,0,0,0,1,0,0
ENSMUSG00000091345,1,0,0,1,0,0,0
ENSMUSG00000024066,1,1,0,0,0,0,0
ENSMUSG00000024242,1,0,0,1,0,0,0
ENSMUSG00000043122,1,0,0,0,0,1,0
ENSMUSG00000078137,1,1,0,0,0,0,0
ENSMUSG00000039196,1,0,1,0,0,0,0
ENSMUSG00000010830,1,0,0,1,0,0,0
ENSMUSG00000027315,1,0,0,0,1,0,0
ENSMUSG00000028362,1,0,0,1,0,0,0
ENSMUSG00000007122,1,0,0,1,0,0,0
ENSMUSG00000061013,1,0,0,1,0,0,0
ENSMUSG00000024909,1,0,0,1,0,0,0
ENSMUSG00000056214,1,0,0,1,0,0,0
ENSMUSG00000038301,1,0,1,0,0,0,0
ENSMUSG00000022893,1,0,0,1,0,0,0
ENSMUSG00000022484,1,0,0,1,0,0,0
ENSMUSG00000060639,1,0,0,0,1,0,0
ENSMUSG00000031548,1,0,0,0,1,0,0
ENSMUSG00000026645,1,0,0,0,0,1,0
ENSMUSG00000068452,1,0,1,0,0,0,0
ENSMUSG00000035799,1,0,0,1,0,0,0
ENSMUSG00000060913,1,0,0,0,1,0,0
ENSMUSG00000036422,1,0,0,0,1,0,0
ENSMUSG00000010476,1,0,0,1,0,0,0
ENSMUSG00000073077,1,0,0,0,0,1,0
ENSMUSG00000039710,1,0,0,0,0,0,1
ENSMUSG00000038738,1,0,0,1,0,0,0
ENSMUSG00000045672,1,0,0,1,0,0,0
ENSMUSG00000031163,1,0,1,0,0,0,0
ENSMUSG00000026839,1,0,0,1,0,0,0
ENSMUSG00000029134,1,0,0,1,0,0,0
ENSMUSG00000079243,1,0,1,0,0,0,0
ENSMUSG00000022496,1,0,0,0,1,0,0
ENSMUSG00000056812,1,0,1,0,0,0,0
ENSMUSG00000002732,1,0,0,1,0,0,0
ENSMUSG00000029659,1,0,0,0,1,0,0
ENSMUSG00000032013,1,0,0,0,0,1,0
ENSMUSG00000036330,1,0,0,0,0,1,0
ENSMUSG00000043029,1,0,0,0,0,1,0
ENSMUSG00000039774,1,0,0,1,0,0,0
ENSMUSG00000018339,1,0,0,0,1,0,0
ENSMUSG00000080922,1,0,0,0,0,1,0
ENSMUSG00000050635,1,0,0,0,0,0,1
ENSMUSG00000108315,1,0,0,0,0,1,0
ENSMUSG00000085772,1,0,0,0,1,0,0
ENSMUSG00000109105,1,0,0,0,0,1,0
ENSMUSG00000051527,1,0,1,0,0,0,0
ENSMUSG00000000982,1,0,0,0,1,0,0
ENSMUSG00000051067,1,0,0,1,0,0,0
ENSMUSG00000021765,1,0,0,1,0,0,0
ENSMUSG00000107667,1,0,0,0,0,1,0
ENSMUSG00000028031,1,0,0,1,0,0,0
ENSMUSG00000015305,1,0,0,1,0,0,0
ENSMUSG00000045404,1,0,0,1,0,0,0
ENSMUSG00000085773,1,0,0,0,0,1,0
ENSMUSG00000059956,1,0,0,0,0,1,0
ENSMUSG00000078650,1,0,1,0,0,0,0
ENSMUSG00000034462,1,0,0,1,0,0,0
ENSMUSG00000107198,1,0,1,0,0,0,0
ENSMUSG00000025854,1,0,0,1,0,0,0
ENSMUSG00000020427,1,0,0,1,0,0,0
ENSMUSG00000026051,1,0,0,0,1,0,0
ENSMUSG00000031022,1,0,0,0,0,1,0
ENSMUSG00000102742,1,0,0,1,0,0,0
ENSMUSG00000035914,1,0,0,1,0,0,0
ENSMUSG00000008489,1,0,0,0,1,0,0
ENSMUSG00000026303,1,0,0,0,0,0,1
ENSMUSG00000030411,1,0,0,1,0,0,0
ENSMUSG00000037490,1,0,0,1,0,0,0
ENSMUSG00000038523,1,0,1,0,0,0,0
ENSMUSG00000023943,1,0,0,0,0,1,0
ENSMUSG00000103659,1,0,0,1,0,0,0
ENSMUSG00000050534,1,0,0,0,0,1,0
ENSMUSG00000071716,1,0,0,1,0,0,0
ENSMUSG00000033082,1,0,1,0,0,0,0
ENSMUSG00000025348,1,0,0,1,0,0,0
ENSMUSG00000021983,1,0,0,0,0,1,0
ENSMUSG00000018417,1,0,0,1,0,0,0
ENSMUSG00000029658,1,0,0,1,0,0,0
ENSMUSG00000056486,1,0,0,1,0,0,0
ENSMUSG00000022375,1,0,0,0,0,1,0
ENSMUSG00000026163,1,0,0,1,0,0,0
ENSMUSG00000061451,1,0,0,1,0,0,0
ENSMUSG00000040118,1,0,0,1,0,0,0
ENSMUSG00000002265,1,0,1,0,0,0,0
ENSMUSG00000020889,1,0,0,1,0,0,0
ENSMUSG00000090698,1,0,1,0,0,0,0
ENSMUSG00000048251,1,0,0,1,0,0,0
ENSMUSG00000026147,1,0,0,1,0,0,0
ENSMUSG00000027408,1,0,0,0,1,0,0
ENSMUSG00000051851,1,0,0,1,0,0,0
ENSMUSG00000020059,1,0,0,0,0,1,0
ENSMUSG00000033565,1,0,0,1,0,0,0
ENSMUSG00000039910,1,0,1,0,0,0,0
ENSMUSG00000048126,1,0,0,1,0,0,0
ENSMUSG00000096188,1,0,0,1,0,0,0
ENSMUSG00000057723,1,0,0,0,0,1,0
ENSMUSG00000037887,1,0,1,0,0,0,0
ENSMUSG00000019278,1,0,1,0,0,0,0
ENSMUSG00000017734,1,0,0,1,0,0,0
ENSMUSG00000028773,1,0,0,1,0,0,0
ENSMUSG00000079227,1,0,0,1,0,0,0
ENSMUSG00000069920,1,0,0,1,0,0,0
ENSMUSG00000028777,1,0,0,1,0,0,0
ENSMUSG00000101810,1,0,0,0,0,1,0
ENSMUSG00000031325,1,0,0,0,0,1,0
ENSMUSG00000025921,1,0,0,0,1,0,0
ENSMUSG00000029596,1,0,1,0,0,0,0
ENSMUSG00000050234,1,0,1,0,0,0,0
ENSMUSG00000015134,1,0,0,0,1,0,0
ENSMUSG00000026062,1,0,0,1,0,0,0
ENSMUSG00000070547,1,0,0,0,1,0,0
ENSMUSG00000107460,1,0,0,0,0,1,0
ENSMUSG00000049598,1,0,0,1,0,0,0
ENSMUSG00000026073,1,0,0,0,0,1,0
ENSMUSG00000002992,1,0,0,0,0,1,0
ENSMUSG00000024517,1,0,0,0,0,0,1
ENSMUSG00000071342,1,0,0,1,0,0,0
ENSMUSG00000034258,1,0,0,1,0,0,0
ENSMUSG00000030098,1,0,0,0,1,0,0
ENSMUSG00000087263,1,0,0,0,1,0,0
ENSMUSG00000001494,1,0,1,0,0,0,0
ENSMUSG00000053318,1,0,0,1,0,0,0
ENSMUSG00000029597,1,0,1,0,0,0,0
ENSMUSG00000027398,1,0,1,0,0,0,0
ENSMUSG00000020423,1,0,1,0,0,0,0
ENSMUSG00000034377,1,0,0,1,0,0,0
ENSMUSG00000014329,1,0,0,1,0,0,0
ENSMUSG00000078706,1,0,0,1,0,0,0
ENSMUSG00000002688,1,0,0,1,0,0,0
ENSMUSG00000022652,1,0,0,0,0,1,0
ENSMUSG00000028072,1,0,0,0,0,1,0
ENSMUSG00000043931,1,0,0,1,0,0,0
ENSMUSG00000001435,1,0,0,0,1,0,0
ENSMUSG00000061578,1,0,0,0,1,0,0
ENSMUSG00000106674,1,0,0,0,1,0,0
ENSMUSG00000028919,1,0,0,1,0,0,0
ENSMUSG00000074254,1,0,1,0,0,0,0
ENSMUSG00000022156,1,0,0,1,0,0,0
ENSMUSG00000030849,1,0,0,1,0,0,0
ENSMUSG00000037820,1,0,1,0,0,0,0
ENSMUSG00000051648,1,0,0,0,1,0,0
ENSMUSG00000053062,1,0,0,1,0,0,0
ENSMUSG00000036905,1,0,0,1,0,0,0
ENSMUSG00000041698,1,0,1,0,0,0,0
ENSMUSG00000034463,1,0,0,1,0,0,0
ENSMUSG00000030218,1,0,0,1,0,0,0
ENSMUSG00000042988,1,0,0,1,0,0,0
ENSMUSG00000032193,1,0,0,0,1,0,0
ENSMUSG00000111055,1,0,0,0,1,0,0
ENSMUSG00000089719,1,0,0,0,0,1,0
ENSMUSG00000055409,1,0,0,1,0,0,0
ENSMUSG00000106020,1,0,0,0,1,0,0
ENSMUSG00000079584,1,0,0,0,0,1,0
ENSMUSG00000035522,1,0,0,0,0,1,0
ENSMUSG00000103088,1,0,0,1,0,0,0
ENSMUSG00000035745,1,0,0,1,0,0,0
ENSMUSG00000053541,1,0,0,1,0,0,0
ENSMUSG00000042686,1,0,0,1,0,0,0
ENSMUSG00000059974,1,0,0,0,1,0,0
ENSMUSG00000049109,1,0,0,1,0,0,0
ENSMUSG00000103473,1,0,0,0,1,0,0
ENSMUSG00000062070,1,0,1,0,0,0,0
ENSMUSG00000036641,1,0,0,1,0,0,0
ENSMUSG00000020216,1,0,0,1,0,0,0
ENSMUSG00000035042,1,0,0,1,0,0,0
ENSMUSG00000031131,1,0,0,0,0,1,0
ENSMUSG00000029925,1,0,0,1,0,0,0
ENSMUSG00000032311,1,0,1,0,0,0,0
ENSMUSG00000045534,1,0,0,1,0,0,0
ENSMUSG00000093908,1,0,0,1,0,0,0
ENSMUSG00000031565,1,0,0,1,0,0,0
ENSMUSG00000006764,1,0,0,0,0,1,0
ENSMUSG00000003420,1,0,0,1,0,0,0
ENSMUSG00000021403,1,0,0,0,1,0,0
ENSMUSG00000076501,1,0,0,0,1,0,0
ENSMUSG00000075394,1,0,0,1,0,0,0
ENSMUSG00000106755,1,0,1,0,0,0,0
ENSMUSG00000052684,1,0,1,0,0,0,0
ENSMUSG00000054672,1,0,0,1,0,0,0
ENSMUSG00000032492,1,0,0,1,0,0,0
ENSMUSG00000055725,1,0,0,0,1,0,0
ENSMUSG00000110350,1,0,0,0,1,0,0
ENSMUSG00000039851,1,0,0,0,0,1,0
ENSMUSG00000074206,1,0,0,1,0,0,0
ENSMUSG00000033327,1,0,0,1,0,0,0
ENSMUSG00000090673,1,0,0,0,1,0,0
ENSMUSG00000016349,1,0,0,1,0,0,0
ENSMUSG00000028427,1,0,0,1,0,0,0
ENSMUSG00000097487,1,0,0,1,0,0,0
ENSMUSG00000040852,1,0,0,1,0,0,0
ENSMUSG00000021268,1,0,0,1,0,0,0
ENSMUSG00000039646,1,0,0,1,0,0,0
ENSMUSG00000029571,1,0,1,0,0,0,0
ENSMUSG00000026564,1,0,0,1,0,0,0
ENSMUSG00000026494,1,0,0,0,1,0,0
ENSMUSG00000031266,1,0,1,0,0,0,0
ENSMUSG00000053461,1,0,0,0,0,1,0
ENSMUSG00000029070,1,0,0,1,0,0,0
ENSMUSG00000042116,1,0,0,1,0,0,0
ENSMUSG00000039883,1,0,0,1,0,0,0
ENSMUSG00000026604,1,0,0,1,0,0,0
ENSMUSG00000036381,1,0,1,0,0,0,0
ENSMUSG00000002799,1,0,0,0,1,0,0
ENSMUSG00000036782,1,0,0,1,0,0,0
ENSMUSG00000010529,1,0,0,1,0,0,0
ENSMUSG00000096225,1,0,0,0,0,1,0
ENSMUSG00000013483,1,0,0,0,0,1,0
ENSMUSG00000031626,1,0,0,1,0,0,0
ENSMUSG00000057719,1,0,0,0,0,1,0
ENSMUSG00000000693,1,0,0,1,0,0,0
ENSMUSG00000038859,1,0,1,0,0,0,0
ENSMUSG00000031822,1,1,0,0,0,0,0
ENSMUSG00000021745,1,0,0,1,0,0,0
ENSMUSG00000086427,1,0,0,1,0,0,0
ENSMUSG00000110215,1,0,0,0,0,1,0
ENSMUSG00000018920,1,0,0,1,0,0,0
ENSMUSG00000055675,1,0,0,1,0,0,0
ENSMUSG00000021411,1,0,0,1,0,0,0
ENSMUSG00000025329,1,0,0,1,0,0,0
ENSMUSG00000087253,1,0,0,1,0,0,0
ENSMUSG00000039977,1,0,1,0,0,0,0
ENSMUSG00000039252,1,0,0,0,1,0,0
ENSMUSG00000028364,1,0,0,1,0,0,0
ENSMUSG00000073590,1,0,0,1,0,0,0
ENSMUSG00000049122,1,0,0,1,0,0,0
ENSMUSG00000058897,1,0,0,1,0,0,0
ENSMUSG00000027848,1,0,0,1,0,0,0
ENSMUSG00000039578,1,0,0,1,0,0,0
ENSMUSG00000036242,1,0,0,1,0,0,0
ENSMUSG00000042708,1,0,0,0,0,1,0
ENSMUSG00000110148,1,0,1,0,0,0,0
ENSMUSG00000034586,1,0,0,1,0,0,0
ENSMUSG00000054493,1,0,0,0,1,0,0
ENSMUSG00000022032,1,0,0,0,1,0,0
ENSMUSG00000108371,1,0,1,0,0,0,0
ENSMUSG00000030087,1,0,0,1,0,0,0
ENSMUSG00000110663,1,0,1,0,0,0,0
ENSMUSG00000055980,1,0,0,1,0,0,0
ENSMUSG00000019916,1,0,0,1,0,0,0
ENSMUSG00000034926,1,0,0,0,1,0,0
ENSMUSG00000107546,1,0,1,0,0,0,0
ENSMUSG00000039116,1,0,0,1,0,0,0
ENSMUSG00000028926,1,0,0,1,0,0,0
ENSMUSG00000022687,1,0,0,1,0,0,0
ENSMUSG00000048782,1,0,0,1,0,0,0
ENSMUSG00000034829,1,0,0,0,1,0,0
ENSMUSG00000045392,1,0,0,0,1,0,0
ENSMUSG00000078300,1,0,1,0,0,0,0
ENSMUSG00000047238,1,0,0,1,0,0,0
ENSMUSG00000022227,1,0,0,0,1,0,0
ENSMUSG00000031963,1,0,1,0,0,0,0
ENSMUSG00000028186,1,0,1,0,0,0,0
ENSMUSG00000019817,1,0,0,1,0,0,0
ENSMUSG00000006958,1,0,0,1,0,0,0
ENSMUSG00000056648,1,0,0,0,1,0,0
ENSMUSG00000040829,1,0,0,1,0,0,0
ENSMUSG00000071234,1,0,0,1,0,0,0
ENSMUSG00000105403,1,0,0,1,0,0,0
ENSMUSG00000040724,1,0,0,1,0,0,0
ENSMUSG00000021196,1,0,1,0,0,0,0
ENSMUSG00000067276,1,0,0,1,0,0,0
ENSMUSG00000022995,1,0,0,1,0,0,0
ENSMUSG00000079355,1,0,0,1,0,0,0
ENSMUSG00000096833,1,0,0,1,0,0,0
ENSMUSG00000022123,1,0,0,0,1,0,0
ENSMUSG00000069609,1,0,0,0,1,0,0
ENSMUSG00000041911,1,0,0,1,0,0,0
ENSMUSG00000067872,1,0,0,0,1,0,0
ENSMUSG00000094635,1,0,0,0,0,1,0
ENSMUSG00000018648,1,0,0,1,0,0,0
ENSMUSG00000037681,1,0,0,0,0,1,0
ENSMUSG00000037341,1,0,0,1,0,0,0
ENSMUSG00000061809,1,0,0,0,0,1,0
ENSMUSG00000047501,1,0,0,1,0,0,0
ENSMUSG00000108134,1,0,0,0,0,1,0
ENSMUSG00000065987,1,0,0,1,0,0,0
ENSMUSG00000029718,1,0,0,1,0,0,0
ENSMUSG00000039264,1,0,0,1,0,0,0
ENSMUSG00000071001,1,0,0,1,0,0,0
ENSMUSG00000026107,1,0,1,0,0,0,0
ENSMUSG00000022340,1,0,0,1,0,0,0
ENSMUSG00000097426,1,0,0,0,1,0,0
ENSMUSG00000017692,1,0,0,1,0,0,0
ENSMUSG00000028793,1,0,0,0,1,0,0
ENSMUSG00000026840,1,1,0,0,0,0,0
ENSMUSG00000050192,1,0,0,0,1,0,0
ENSMUSG00000044816,1,0,0,0,0,1,0
ENSMUSG00000022996,1,0,0,0,0,1,0
ENSMUSG00000085723,1,0,0,0,0,1,0
ENSMUSG00000030554,1,0,0,1,0,0,0
ENSMUSG00000043635,1,0,1,0,0,0,0
ENSMUSG00000062127,1,0,0,1,0,0,0
ENSMUSG00000029009,1,0,0,0,1,0,0
ENSMUSG00000041567,1,0,0,1,0,0,0
ENSMUSG00000076549,1,0,0,0,1,0,0
ENSMUSG00000040584,1,0,0,1,0,0,0
ENSMUSG00000046180,1,0,0,0,0,1,0
ENSMUSG00000032717,1,0,0,1,0,0,0
ENSMUSG00000028541,1,0,0,1,0,0,0
ENSMUSG00000090175,1,0,0,0,0,0,1
ENSMUSG00000007877,1,0,0,1,0,0,0
ENSMUSG00000074037,1,0,0,1,0,0,0
ENSMUSG00000095440,1,0,0,1,0,0,0
ENSMUSG00000079055,1,0,0,1,0,0,0
ENSMUSG00000038319,1,0,0,1,0,0,0
ENSMUSG00000028214,1,0,1,0,0,0,0
ENSMUSG00000076671,1,0,0,1,0,0,0
ENSMUSG00000030000,1,0,0,0,0,1,0
ENSMUSG00000032816,1,0,0,1,0,0,0
ENSMUSG00000030546,1,0,0,1,0,0,0
ENSMUSG00000103847,1,0,0,1,0,0,0
ENSMUSG00000002831,1,0,0,1,0,0,0
ENSMUSG00000056673,1,0,0,0,0,0,1
ENSMUSG00000026417,1,0,1,0,0,0,0
ENSMUSG00000049044,1,0,0,1,0,0,0
ENSMUSG00000012889,1,0,0,1,0,0,0
ENSMUSG00000050860,1,0,0,1,0,0,0
ENSMUSG00000020614,1,0,0,1,0,0,0
ENSMUSG00000025255,1,0,0,1,0,0,0
ENSMUSG00000021318,1,0,0,1,0,0,0
ENSMUSG00000091827,1,0,0,0,0,1,0
ENSMUSG00000027204,1,0,1,0,0,0,0
ENSMUSG00000030717,1,0,0,1,0,0,0
ENSMUSG00000034427,1,0,1,0,0,0,0
ENSMUSG00000030685,1,0,0,0,0,1,0
ENSMUSG00000079588,1,0,0,1,0,0,0
ENSMUSG00000025856,1,0,0,1,0,0,0
ENSMUSG00000096458,1,0,0,0,1,0,0
ENSMUSG00000094094,1,0,0,0,1,0,0
ENSMUSG00000094509,1,0,0,0,1,0,0
ENSMUSG00000026928,1,0,0,0,0,1,0
ENSMUSG00000052562,1,0,1,0,0,0,0
ENSMUSG00000050272,1,0,0,0,0,1,0
ENSMUSG00000019838,1,0,1,0,0,0,0
ENSMUSG00000027230,1,0,0,1,0,0,0
ENSMUSG00000041329,1,0,0,1,0,0,0
ENSMUSG00000050195,1,0,0,1,0,0,0
ENSMUSG00000093661,1,0,1,0,0,0,0
ENSMUSG00000005397,1,0,0,1,0,0,0
ENSMUSG00000038582,1,0,1,0,0,0,0
ENSMUSG00000051827,1,0,0,0,0,1,0
ENSMUSG00000063611,1,0,1,0,0,0,0
ENSMUSG00000021782,1,0,0,1,0,0,0
ENSMUSG00000069045,1,0,0,0,0,0,1
ENSMUSG00000057417,1,0,0,0,0,1,0
ENSMUSG00000092390,1,0,0,0,1,0,0
ENSMUSG00000034773,1,0,1,0,0,0,0
ENSMUSG00000103567,1,0,0,1,0,0,0
ENSMUSG00000076670,1,0,0,0,1,0,0
ENSMUSG00000026875,1,0,0,1,0,0,0
ENSMUSG00000089929,1,0,1,0,0,0,0
ENSMUSG00000073591,1,0,0,1,0,0,0
ENSMUSG00000026712,1,0,0,1,0,0,0
ENSMUSG00000054203,1,0,0,1,0,0,0
ENSMUSG00000085314,1,0,0,0,1,0,0
ENSMUSG00000014030,1,1,0,0,0,0,0
ENSMUSG00000056679,1,0,0,1,0,0,0
ENSMUSG00000038560,1,0,0,1,0,0,0
ENSMUSG00000050666,1,0,0,1,0,0,0
ENSMUSG00000090210,1,0,0,1,0,0,0
ENSMUSG00000051969,1,0,0,1,0,0,0
ENSMUSG00000040711,1,0,0,1,0,0,0
ENSMUSG00000043192,1,0,1,0,0,0,0
ENSMUSG00000036764,1,0,1,0,0,0,0
ENSMUSG00000031438,1,0,0,1,0,0,0
ENSMUSG00000007867,1,0,0,1,0,0,0
ENSMUSG00000031073,1,0,0,0,1,0,0
ENSMUSG00000022155,1,0,0,0,0,1,0
ENSMUSG00000061410,1,0,0,0,1,0,0
ENSMUSG00000035638,1,0,0,0,0,1,0
ENSMUSG00000049410,1,0,0,1,0,0,0
ENSMUSG00000027276,1,0,0,0,0,1,0
ENSMUSG00000043410,1,0,0,1,0,0,0
ENSMUSG00000043673,1,0,0,0,1,0,0
ENSMUSG00000098975,1,0,0,1,0,0,0
ENSMUSG00000038167,1,0,0,0,1,0,0
ENSMUSG00000001661,1,0,0,1,0,0,0
ENSMUSG00000019194,1,0,0,1,0,0,0
ENSMUSG00000020841,1,0,0,0,1,0,0
ENSMUSG00000056596,1,0,0,1,0,0,0
ENSMUSG00000033491,1,0,0,1,0,0,0
ENSMUSG00000078920,1,0,0,0,0,0,1
ENSMUSG00000002384,1,0,1,0,0,0,0
ENSMUSG00000018927,1,0,1,0,0,0,0
ENSMUSG00000071540,1,0,0,1,0,0,0
ENSMUSG00000054626,1,0,0,0,0,1,0
ENSMUSG00000097727,1,0,1,0,0,0,0
ENSMUSG00000038508,1,0,0,0,1,0,0
ENSMUSG00000031070,1,0,0,0,1,0,0
ENSMUSG00000070524,1,0,0,1,0,0,0
ENSMUSG00000024669,1,0,0,1,0,0,0
ENSMUSG00000043719,1,0,0,1,0,0,0
ENSMUSG00000000753,1,0,0,1,0,0,0
ENSMUSG00000074607,1,0,0,1,0,0,0
ENSMUSG00000046312,1,0,0,1,0,0,0
ENSMUSG00000017412,1,0,1,0,0,0,0
ENSMUSG00000111147,1,0,1,0,0,0,0
ENSMUSG00000097828,1,0,0,0,1,0,0
ENSMUSG00000084120,1,0,0,0,1,0,0
ENSMUSG00000043319,1,0,0,0,0,1,0
ENSMUSG00000026399,1,0,0,0,0,1,0
ENSMUSG00000034573,1,0,0,1,0,0,0
ENSMUSG00000044313,1,0,0,1,0,0,0
ENSMUSG00000038663,1,0,0,1,0,0,0
ENSMUSG00000015312,1,0,1,0,0,0,0
ENSMUSG00000002289,1,0,0,1,0,0,0
ENSMUSG00000036995,1,0,0,0,1,0,0
ENSMUSG00000076666,1,0,0,0,1,0,0
ENSMUSG00000047798,1,0,0,0,0,1,0
ENSMUSG00000033849,1,0,0,1,0,0,0
ENSMUSG00000091091,1,0,0,0,0,1,0
ENSMUSG00000086684,1,0,0,0,0,1,0
ENSMUSG00000037280,1,0,0,0,0,1,0
ENSMUSG00000055214,1,0,0,0,0,1,0
ENSMUSG00000024737,1,0,0,0,0,1,0
ENSMUSG00000110151,1,0,0,0,0,1,0
ENSMUSG00000024131,1,0,1,0,0,0,0
ENSMUSG00000061540,1,0,1,0,0,0,0
ENSMUSG00000039058,1,0,0,1,0,0,0
ENSMUSG00000028019,1,0,0,1,0,0,0
ENSMUSG00000074896,1,0,0,1,0,0,0
ENSMUSG00000035274,1,0,0,1,0,0,0
ENSMUSG00000043003,1,0,0,0,1,0,0
ENSMUSG00000008999,1,0,0,1,0,0,0
ENSMUSG00000074570,1,0,0,0,0,1,0
ENSMUSG00000040133,1,0,0,1,0,0,0
ENSMUSG00000024679,1,0,0,0,0,1,0
ENSMUSG00000025489,1,0,0,1,0,0,0
ENSMUSG00000038331,1,0,0,1,0,0,0
ENSMUSG00000018868,1,0,0,0,0,1,0
ENSMUSG00000038248,1,0,0,1,0,0,0
ENSMUSG00000070720,1,0,0,1,0,0,0
ENSMUSG00000039899,1,0,1,0,0,0,0
ENSMUSG00000006587,1,0,0,1,0,0,0
ENSMUSG00000082107,1,0,1,0,0,0,0
ENSMUSG00000094345,1,0,0,1,0,0,0
ENSMUSG00000021614,1,0,1,0,0,0,0
ENSMUSG00000024670,1,0,0,1,0,0,0
ENSMUSG00000002033,1,0,0,1,0,0,0
ENSMUSG00000038074,1,0,0,1,0,0,0
ENSMUSG00000031028,1,0,0,1,0,0,0
ENSMUSG00000031955,1,0,0,1,0,0,0
ENSMUSG00000044309,1,0,0,1,0,0,0
ENSMUSG00000029781,1,0,0,1,0,0,0
ENSMUSG00000050424,1,0,0,0,0,1,0
ENSMUSG00000039062,1,0,0,1,0,0,0
ENSMUSG00000082795,1,0,0,0,0,1,0
ENSMUSG00000024868,1,0,0,1,0,0,0
ENSMUSG00000048763,1,0,0,1,0,0,0
ENSMUSG00000061171,1,0,1,0,0,0,0
ENSMUSG00000022351,1,0,0,0,1,0,0
ENSMUSG00000058070,1,0,0,1,0,0,0
ENSMUSG00000038179,1,0,0,1,0,0,0
ENSMUSG00000028838,1,0,0,0,0,1,0
ENSMUSG00000037994,1,0,0,1,0,0,0
ENSMUSG00000031558,1,0,0,1,0,0,0
ENSMUSG00000034898,1,0,0,1,0,0,0
ENSMUSG00000040350,1,0,0,1,0,0,0
ENSMUSG00000024910,1,0,0,1,0,0,0
ENSMUSG00000033420,1,0,0,0,1,0,0
ENSMUSG00000004709,1,0,0,0,1,0,0
ENSMUSG00000074398,1,0,0,0,0,1,0
ENSMUSG00000060530,1,0,0,0,0,1,0
ENSMUSG00000089945,1,0,0,1,0,0,0
ENSMUSG00000072774,1,0,0,1,0,0,0
ENSMUSG00000028370,1,0,0,1,0,0,0
ENSMUSG00000038151,1,0,1,0,0,0,0
ENSMUSG00000022305,1,0,0,0,1,0,0
ENSMUSG00000031962,1,0,0,1,0,0,0
ENSMUSG00000032011,1,0,0,1,0,0,0
ENSMUSG00000092471,1,0,1,0,0,0,0
ENSMUSG00000063506,1,0,0,1,0,0,0
ENSMUSG00000074277,1,0,0,0,0,1,0
ENSMUSG00000038304,1,0,0,1,0,0,0
ENSMUSG00000020928,1,0,0,0,0,0,1
ENSMUSG00000015127,1,0,0,0,1,0,0
ENSMUSG00000050295,1,0,0,1,0,0,0
ENSMUSG00000025887,1,0,0,1,0,0,0
ENSMUSG00000046480,1,0,0,1,0,0,0
ENSMUSG00000031298,1,0,0,0,1,0,0
ENSMUSG00000025153,1,1,0,0,0,0,0
ENSMUSG00000024186,1,0,1,0,0,0,0
ENSMUSG00000025064,1,0,0,1,0,0,0
ENSMUSG00000016206,1,0,0,1,0,0,0
ENSMUSG00000064193,1,0,1,0,0,0,0
ENSMUSG00000034066,1,0,0,1,0,0,0
ENSMUSG00000062542,1,0,0,1,0,0,0
ENSMUSG00000009292,1,0,1,0,0,0,0
ENSMUSG00000024998,1,0,0,1,0,0,0
ENSMUSG00000043903,1,0,0,1,0,0,0
ENSMUSG00000096956,1,0,0,1,0,0,0
ENSMUSG00000025969,1,0,0,1,0,0,0
ENSMUSG00000078627,1,0,0,0,1,0,0
ENSMUSG00000001444,1,0,0,1,0,0,0
ENSMUSG00000096594,1,0,0,1,0,0,0
ENSMUSG00000058952,1,0,0,0,1,0,0
ENSMUSG00000067586,1,0,0,1,0,0,0
ENSMUSG00000046971,1,0,0,0,0,1,0
ENSMUSG00000025352,1,0,0,1,0,0,0
ENSMUSG00000037736,1,0,0,1,0,0,0
ENSMUSG00000000120,1,0,0,0,1,0,0
ENSMUSG00000037010,1,0,1,0,0,0,0
ENSMUSG00000031841,1,0,0,1,0,0,0
ENSMUSG00000031740,1,0,0,1,0,0,0
ENSMUSG00000027217,1,1,0,0,0,0,0
ENSMUSG00000029413,1,0,0,1,0,0,0
ENSMUSG00000028197,1,0,0,1,0,0,0
ENSMUSG00000070504,1,0,0,1,0,0,0
ENSMUSG00000052712,1,0,1,0,0,0,0
ENSMUSG00000074505,1,0,0,1,0,0,0
ENSMUSG00000048852,1,0,1,0,0,0,0
ENSMUSG00000030001,1,0,0,0,0,1,0
ENSMUSG00000066975,1,0,1,0,0,0,0
ENSMUSG00000024620,1,0,0,0,1,0,0
ENSMUSG00000056234,1,0,1,0,0,0,0
ENSMUSG00000041362,1,0,0,1,0,0,0
ENSMUSG00000073491,1,0,0,1,0,0,0
ENSMUSG00000090264,1,0,1,0,0,0,0
ENSMUSG00000031217,1,0,0,1,0,0,0
ENSMUSG00000036655,1,0,0,0,0,1,0
ENSMUSG00000040899,1,0,0,1,0,0,0
ENSMUSG00000015652,1,0,0,1,0,0,0
ENSMUSG00000027560,1,0,0,1,0,0,0
ENSMUSG00000040441,1,1,0,0,0,0,0
ENSMUSG00000000567,1,0,0,1,0,0,0
ENSMUSG00000030170,1,0,0,1,0,0,0
ENSMUSG00000001467,1,0,0,0,1,0,0
ENSMUSG00000040495,1,0,0,0,1,0,0
ENSMUSG00000059668,1,0,0,0,1,0,0
ENSMUSG00000027030,1,0,0,1,0,0,0
ENSMUSG00000031530,1,0,1,0,0,0,0
ENSMUSG00000032294,1,0,1,0,0,0,0
ENSMUSG00000048485,1,0,1,0,0,0,0
ENSMUSG00000020241,1,0,0,1,0,0,0
ENSMUSG00000000782,1,0,0,1,0,0,0
ENSMUSG00000032452,1,0,0,0,1,0,0
ENSMUSG00000014158,1,0,0,1,0,0,0
ENSMUSG00000035314,1,0,0,1,0,0,0
ENSMUSG00000038552,1,0,0,1,0,0,0
ENSMUSG00000025743,1,0,0,1,0,0,0
ENSMUSG00000053113,1,0,0,0,1,0,0
ENSMUSG00000043943,1,0,0,1,0,0,0
ENSMUSG00000027386,1,0,0,1,0,0,0
ENSMUSG00000094286,1,0,0,0,0,1,0
ENSMUSG00000075044,1,0,0,0,0,1,0
ENSMUSG00000030499,1,0,0,1,0,0,0
ENSMUSG00000030313,1,0,0,1,0,0,0
ENSMUSG00000024503,1,0,1,0,0,0,0
ENSMUSG00000105734,1,0,0,0,0,1,0
